E1,E2,E3,E4,E5,E6,E7,E8,E9,E10,DITED1,DITED2,DITED3,DITED4,DITED5,DITED6,DITED7,DITED8,DITED9,DITED10,DISED1,DISED2,DISED3,DISED4,DISED5,DISED6,DISED7,DISED8,DISED9,DISED10,SPITED1,SPITED2,SPITED3,SPITED4,SPITED5,SPITED6,SPITED7,SPITED8,SPITED9,SPITED10,SP1,SP2,SP3,SP4,SP5,SP6,SP7,SP8,SP9,SP10,hw1,hw2,hw3,hw4,hw5,hw6,hw7,hw8,hw9,hw10,Class
11.5151395358555+0i,21.942792196687+0i,16.1864596331935+0i,0.497246385738377+0i,0.115127524878943+0i,0.0958992533119699+0i,0.0273961258014723+0i,0.140382143578561+0i,0.0010012069821542+0i,0.0151541695185726+0i,0-3.63151823038561e-12i,0+2.42580866280612e-10i,0+2.28794806736662e-11i,0+4.44909580566876e-11i,0-8.66090419462147e-12i,0+1.63418946726488e-11i,0+5.66803322041467e-12i,0-4.40290786120625e-12i,0-1.64590962465912e-11i,0+2.37739455577041e-10i,44.254439935285-0.455676479012283i,123.526629490659+0.376500936490227i,88.8178903796072+0.200486479224588i,19.8008386132856+0.0355387173333524i,9.38064329604401+0.00169744339773505i,7.89164473331143-0.159853071977282i,4.56416500126704-0.107475492142447i,9.1966956951131+1.66579401943679i,1.84070378239063+0.474993164894686i,10.6132066774822-1.75258040272014i,0+0.000593233605044833i,0+0.000906805891892124i,0+0.000519195540366222i,0-6.62299097296868e-05i,0-6.08166698563883e-06i,0+8.85618904576109e-06i,0+1.39677517639983e-05i,0+1.99431489263966e-08i,0+1.13832987865825e-07i,0-6.94908928002105e-07i,0.00198107210981726+0.00238897038393967i,0.000528604993376945+0.00225250085156269i,0.000102860443854881+0.00104786267639447i,3.96022340566445e-06+8.25884409656073e-05i,3.96247903461206e-07+1.85696599512833e-05i,5.37495298245309e-08+6.21169793971982e-06i,-1.44030048538645e-08+1.83515472252537e-06i,-6.49048311081483e-08+1.17548668699725e-06i,-1.4758980507853e-09+9.87977570496489e-08i,1.25018080849645e-08+1.84215481743329e-07i,320.200526419237+0i,285.049987710124+0i,253.970520792886+0i,45.3828635637742+0i,22.52569679235+0i,21.4959533337336+0i,12.1451304014945+0i,41.6543672486367+0i,3.74704290485977+0i,22.0114704657052+0i,Healthy
11.3689492473606+0i,28.2168743329454+0i,12.9707188753783+0i,4.70129913004712+0i,0.35998076613577+0i,0.118915846978252+0i,0.117077033403983+0i,0.0765657113608115+0i,0.0963971208188196+0i,0.0121712591980305+0i,0+1.2522870454179e-11i,0-5.24095313659431e-10i,0+7.55367927569792e-11i,0+1.46330092479719e-10i,0-3.39350759398369e-12i,0-3.83718349138011e-11i,0+1.11658464329475e-10i,0-1.60197802100922e-10i,0+2.32762250965438e-11i,0+1.86391343592112e-10i,141.618481805967+0.542446310621558i,179.864388088378-0.462414737321362i,155.590778147843+0.594466542829289i,90.5993837997795-0.0338954349278316i,27.6324578026785+0.0457306078411243i,13.083725923301+1.53902944172195i,12.13218122861-0.398124271951741i,12.123853996365+0.316211031324367i,11.9848026555799-0.256079787555036i,10.0227746133852+0.303612077688986i,0+0.00408969271826306i,0-0.000564136527466923i,0+0.000651414033059095i,0-0.000106698545157535i,0+8.36682818507235e-07i,0+1.25727885868341e-06i,0-2.35297641038647e-06i,0+1.31952611366544e-06i,0-8.68985027228975e-06i,0-9.13135644741358e-07i,0.0042412634491919+0.00159204299886058i,0.00169975775533928+0.00391388285469464i,0.000286765412872705+0.00165596530243224i,3.85941166902654e-05+0.000513040117337821i,1.73924226038802e-06+4.96600370479274e-05i,-2.50066872253985e-08+1.13749710110284e-05i,-6.58799791650622e-08+5.51718218650348e-06i,-7.89871308405444e-08+2.08529221947629e-06i,-6.68663081397031e-09+8.16368938899826e-07i,1.0608727581212e-08+1.51998097584008e-07i,348.957684472669+0i,454.640363061808+0i,314.433558073657+0i,169.362202766705+0i,53.5003074071453+0i,29.109787913349+0i,25.564693581581+0i,26.2287091388158+0i,26.0277944024241+0i,20.7691884866088+0i,Healthy
7.78057031835012+0i,4.49845405542268+0i,1.51721420165812+0i,0.124923608168069+0i,0.0373447160840139+0i,0.0372740331645417+0i,0.025832676437673+0i,0.0388722877649606+0i,0.000210331305166054+0i,0.000684154636702857+0i,0-7.30070994682027e-13i,0+3.72000423286815e-10i,0-6.28869583415495e-10i,0-6.36519435148615e-14i,0-1.27399164722981e-11i,0-7.82647286016926e-12i,0-3.27631048211253e-12i,0+1.8446149223203e-12i,0+7.31449859583089e-13i,0-3.49308969380796e-11i,83.3914209716197-0.0337500505679768i,84.9179127470922+0.232466257072393i,42.0273981620818+0.117114431318337i,13.0369665584253+0.0438056907804316i,7.73852876705107-0.0134584901384623i,7.37406244237273-0.0265490724162799i,4.90302755146307+0.378835661618499i,5.24484660939524-1.17525029489784i,1.0744741020204-0.000425175625348528i,1.99896702575243+0.182046710677754i,0+0.0041934374678362i,0-0.000103489961563813i,0-0.000209439450724511i,0-9.46763441001776e-05i,0-1.87283283019703e-05i,0-2.27559492990834e-06i,0-5.19007560653375e-08i,0+7.00679022302589e-07i,0-1.6289429738881e-06i,0+7.5308193224898e-07i,0.00103592901451391+0.00193902788577552i,0.000216455070986426+0.00105735424739745i,3.06393774457074e-05+0.000320652300927318i,1.68642028123013e-06+3.73055099647518e-05i,2.41583129847889e-07+9.58916910421009e-06i,4.976410378431e-09+3.59543645082245e-06i,-5.17282723454054e-08+1.34810223675011e-06i,-7.36563682219077e-08+4.63053278031e-07i,1.03545158956373e-09+5.4326223768859e-08i,-4.41248694297912e-09+7.90776093113129e-08i,335.889059671925+0i,150.19713686425+0i,85.3498900123193+0i,23.554225264563+0i,12.3812189302331+0i,14.6725448990743+0i,13.1059960043661+0i,17.8231781191126+0i,1.96200394075786+0i,3.04209555086765+0i,Healthy
103.767701333908+0i,141.530118582016+0i,19.0554995908774+0i,2.471174632125+0i,0.819666564335857+0i,0.429421957542489+0i,0.168759135800965+0i,0.258089679337184+0i,0.0260832915099397+0i,0.00260262993563899+0i,0+5.45014110250948e-11i,0+7.70257733231164e-11i,0-2.17791877231578e-09i,0-4.29202641854968e-09i,0-4.83364768558459e-10i,0-3.16028645762921e-11i,0+9.9604261426837e-11i,0+1.09213664623266e-10i,0+8.45683491971933e-11i,0-1.87833169010948e-10i,462.812936607646+0.65854746889389i,613.751559148805-0.232207728681863i,292.539299103217+0.657286222546026i,119.194048367433+0.807670379498163i,61.5268863090415+0.101458866840735i,45.5726460128136-0.367613351159857i,32.9824261105782+0.314526705067974i,32.3624009424933+0.536300765754875i,12.4783564472258-0.191084891481868i,5.5219850886775-0.302965736844898i,0+0.00176307571594825i,0+0.000550146996026169i,0+0.000234382608005774i,0-8.11068812733377e-05i,0+8.09609815468674e-06i,0-3.29842125105944e-07i,0+8.42172485823006e-07i,0-2.69701812599341e-06i,0+4.93479145718103e-07i,0-7.31225803858102e-07i,0.00243850654650623+0.00487264692120945i,0.00069655852958947+0.00427394053932372i,8.63277339725181e-05+0.00110247963949982i,8.10745145229128e-06+0.000207354640650356i,6.69031547875918e-07+4.60292417877781e-05i,1.36147696176437e-07+1.14552651211877e-05i,4.58909094340689e-08+4.49210505871113e-06i,-5.14603000361428e-08+1.78473489101892e-06i,-1.19415428827723e-08+4.163602908401e-07i,3.05157733815338e-09+7.71360368133952e-08i,841.465960941796+0i,1580.00555847663+0i,382.25905503254+0i,133.995781536295+0i,74.669661931448+0i,69.7924428850734+0i,48.8822278989409+0i,71.5559567835122+0i,19.469269119846+0i,6.5520491094531+0i,Healthy
15.356032512676+0i,6.82616723125217+0i,0.921178723923289+0i,0.126079583068127+0i,0.0368694286437042+0i,0.0257436900648674+0i,0.0187890783469784+0i,0.0170638912418796+0i,0.0073967185586191+0i,0+0i,0+1.72222074296426e-11i,0-4.00472851258025e-10i,0+1.14264924659773e-10i,0+2.64377033484597e-12i,0-5.97659851124202e-13i,0-1.95349216677507e-13i,0-2.85582410060188e-12i,0-4.30538688487762e-12i,0-2.70294900381202e-11i,0+0i,83.8910140469582-0.295555657223487i,123.127454830941-0.337104892283475i,43.2013326993373+0.0929807482055055i,16.2285575120543-0.0280430942455007i,10.3752667322474+0.211033508018592i,7.77582714845612-0.0848193660601846i,7.5554621572625-0.0958871294082568i,6.61629891366042+0.21417569004831i,5.79633051283161+0.589679546685339i,0+0i,0+0.00620669834645739i,0-0.000703208316513999i,0+0.000155971977648352i,0+1.55981599783603e-05i,0-6.02145439691916e-05i,0+1.98246620098092e-06i,0+1.15510207454048e-06i,0+4.46361419402596e-07i,0-2.5838171120523e-08i,0+0i,0.00242132776663279+0.00349636652277391i,0.000330857642644863+0.0015976504828856i,3.42979104286939e-05+0.000316545370606712i,2.12409158461989e-06+4.10683275396783e-05i,2.08446773428428e-07+9.21603108818524e-06i,3.98287811341801e-08+3.28640931904259e-06i,-3.25715711141422e-08+1.54209417712265e-06i,-1.31045419213301e-08+6.0512447077683e-07i,-4.63621664962521e-09+1.98033734276846e-07i,0+0i,373.574123995478+0i,197.993824480773+0i,85.7902344317474+0i,26.3906611187036+0i,15.5634249321345+0i,15.3015052484223+0i,13.9213163620741+0i,12.0534647644857+0i,13.0844619605834+0i,0+0i,Healthy
45.5335652334353+0i,26.3021557499091+0i,7.98312824455682+0i,0.973933075822938+0i,0.24994932924452+0i,0.133814717861017+0i,0.103908252667648+0i,0.0468393907274421+0i,0.0309977240259696+0i,0.000130588949292946+0i,0+4.25329950914639e-10i,0-4.87988591660171e-11i,0-8.58951035530314e-09i,0-3.49252112430938e-11i,0+2.50443466254106e-12i,0-1.0425287093557e-10i,0-2.70227711438263e-11i,0+3.44875177522523e-10i,0+1.73226052516852e-11i,0-5.9500142760735e-12i,324.07246934956-1.45653706561117i,294.779028073218-0.39486747850917i,159.497536673465-0.631922051853555i,57.7904659260876+0.128928053581158i,29.8529344765731+0.13717860392463i,22.5223380156741-0.138045376272806i,23.1815361004043+0.126249152302367i,18.922739916804+0.303717096847418i,14.1042383231086+0.256873682127373i,1.13413898018578-0.00443284972825805i,0+0.000788044286722276i,0-0.000577993232881116i,0+4.9610504684488e-06i,0-7.83366562191323e-06i,0-4.22861624215094e-05i,0+1.23900063687657e-06i,0+2.98698409012906e-07i,0-3.80616980423335e-06i,0-5.86404821224772e-06i,0-2.75951278178262e-07i,0.00175699847334108+0.00391688855741137i,0.00056442391613722+0.00283314120920812i,8.61910035481386e-05+0.00084580549873458i,7.7768197620807e-06+0.000140010167442793i,3.06245482034015e-07+2.09281643223865e-05i,7.54191190812734e-08+7.31259671847272e-06i,1.10795061797923e-08+2.97987969243364e-06i,1.608162453612e-08+8.68953095605046e-07i,-1.3811939303434e-09+2.70155754626082e-07i,-9.27345675885405e-10+1.72655099479219e-08i,786.416779958685+0i,645.33849138809+0i,228.062777954047+0i,109.707707725337+0i,57.0874567876318+0i,30.8577278997916+0i,40.8055394127409+0i,41.9091515346189+0i,29.4982298036683+0i,1.66148642724599+0i,Healthy
10.8108852523572+0i,43.7062828622657+0i,6.34847534865883+0i,0.404414851264222+0i,0.309330620237921+0i,0.106218661699452+0i,0.0350844874734994+0i,0.0193601581078308+0i,0.0202142192969009+0i,0.0295441849332771+0i,0+2.32987143052492e-11i,0-7.44594045392136e-11i,0+1.03104862704959e-09i,0+7.16413171912574e-10i,0+4.67256862993081e-12i,0-4.25078815824099e-11i,0+6.56549223321186e-11i,0+2.06812350091848e-11i,0-6.77179320012668e-11i,0+5.91306612662015e-10i,63.4437773896371-0.0364529148112019i,158.396762301052-0.512318055887556i,82.9043103116854-0.174196635020846i,30.3883255302154-0.040100066297464i,18.2162735437119-0.336342570509922i,10.3843625780095+0.369674537352424i,7.36759377691991-0.30834071948708i,7.67178925569197+0.890220574648825i,12.2410663282705+0.228410164613178i,11.8238616749166-1.22342875992015i,0-0.0046365584002166i,0-0.000354941598550817i,0+8.21356258800808e-05i,0-8.39459807835527e-07i,0-6.32011303595182e-05i,0+8.14338071924458e-07i,0+1.17969666636276e-06i,0+1.01339357449948e-06i,0+2.50215263110924e-06i,0+6.15261045214584e-07i,0.00296129351278015+0.00286239928779288i,0.00103893792505549+0.00390278208387341i,8.21565150116906e-05+0.000794381027211669i,5.0074210093532e-06+9.26659804186016e-05i,5.91001586467275e-07+2.89945342293522e-05i,-2.39069275142957e-09+7.45045666185617e-06i,-4.76839842635586e-08+2.24213131606302e-06i,-4.20332855898193e-08+7.97499689404019e-07i,-6.50350907155978e-09+4.90594050392805e-07i,5.26239450288077e-09+2.51059951712116e-07i,172.915393655866+0i,993.436751969083+0i,213.363988989899+0i,50.522461443249+0i,63.5574486200954+0i,35.4742098117338+0i,17.3222256947968+0i,15.0276669965547+0i,11.9234612435554+0i,25.849333762246+0i,Healthy
29.365125918186+0i,46.237010203521+0i,7.36029229414337+0i,1.28147014227177+0i,0.306638085618113+0i,0.104518425644114+0i,0.0367043637484135+0i,0.0633760676424188+0i,0.179415151746679+0i,0.214409211168588+0i,0-3.64323698114657e-11i,0+8.59671288862209e-10i,0+1.15372689018166e-09i,0+3.13457572465649e-10i,0-5.01265244658928e-11i,0-2.92011878171866e-11i,0-1.95850466066169e-11i,0-4.11444392415298e-11i,0-8.69285125774408e-12i,0-2.06051275385433e-09i,57.3699540739997+0.0810945574471185i,121.218471431646+0.439192090393017i,50.7314166998738+0.0508662118126619i,23.4124646507389-0.0377542240118544i,10.0488459721893+0.00391635799874978i,5.87738419379955-0.0677911089650824i,4.67307816563778+0.0275669460267808i,5.76077074955676+0.364657885299405i,18.7667641110272-0.135373574163388i,44.2317079624876+0.457946426086316i,0-0.0077810912338609i,0-0.000453983210333628i,0-0.000195658379851648i,0-6.22873042500212e-05i,0+3.31149065197883e-06i,0-1.33266836519531e-05i,0+8.63436752253803e-06i,0-2.69440926759698e-06i,0-5.72316333639619e-06i,0-1.44144854288267e-09i,0.00227376715367969+0.00237989538932977i,0.000815731614732857+0.00330114964293312i,6.9901076192829e-05+0.000650424223829087i,6.55619438698729e-06+0.000126311441040275i,7.34490759995544e-07+2.81328093764509e-05i,1.80181067032213e-07+6.93424967397133e-06i,-8.76948637553173e-09+2.38278134296461e-06i,-7.02592453149125e-08+1.6737732563694e-06i,-9.73616883049669e-09+1.05266323717405e-06i,1.32757452739491e-08+6.60389146259257e-07i,204.052816646218+0i,393.459816909532+0i,176.301585737328+0i,70.9933452464486+0i,34.6859141852182+0i,19.1780464340925+0i,13.331243584229+0i,17.9381321195968+0i,37.3507341728385+0i,85.2462894995077+0i,Healthy
332.893496319007+0i,695.439961207642+0i,345.621904715572+0i,23.9610754090873+0i,7.58655786507839+0i,6.22168772949296+0i,1.11019577164912+0i,0.537684016389499+0i,0.35116058685266+0i,0.0388159433668064+0i,0-1.28232483519238e-10i,0+2.07536673949499e-09i,0-1.16278239893773e-08i,0-3.34038897661189e-08i,0-1.28933675590125e-09i,0-1.62053796696742e-10i,0-3.69676099370347e-09i,0-3.46970901176392e-09i,0-1.07950387322095e-08i,0-2.49006445859066e-09i,623.153861273245+3.41258777014914i,1101.03048044873-2.72462202794146i,844.12695551461-1.27779840023707i,284.792870930668-0.732908502027947i,133.923727428513-0.00301993339289673i,124.386010353631+0.353735365422676i,65.7135628161194+0.342544088751247i,40.5926166615459-0.030114785378807i,43.3249350864033+5.34858599359833i,18.2148396066419+3.06602481441887i,0-0.00040001465420615i,0-0.000764210280839226i,0+7.95871320924325e-05i,0-3.90691907085765e-05i,0-2.27657973928414e-07i,0-1.49380861931981e-06i,0+1.06252150984957e-06i,0-1.0165217843264e-06i,0+6.50919992263279e-07i,0-1.05231792625821e-07i,0.00882532958269859+0.0123325067957024i,0.003982809596674+0.0138634156059655i,0.000498761295426868+0.00515428497465399i,3.33365413747805e-05+0.000666826242710472i,2.99711012027358e-06+0.00015475045125924i,2.70543933162606e-07+5.48656121316655e-05i,4.73647937331169e-08+1.04746264307565e-05i,2.69202890034803e-08+4.13769868109051e-06i,-8.9122682712529e-08+1.84839908425031e-06i,7.46182098750578e-09+2.90461246479095e-07i,1615.02836139864+0i,3406.78758927482+0i,1412.94018904507+0i,340.939112231097+0i,172.221368995809+0i,155.701171304196+0i,82.6899153277287+0i,59.730183173901+0i,70.1141593343384+0i,26.519827855456+0i,Healthy
1.95553603602273+0i,2.83890415417412+0i,0.643147230967773+0i,0.0431387545317361+0i,0.0181527685326051+0i,0.00583609369041898+0i,0.00459336383125472+0i,0.00222497119150713+0i,0.00222497119150713+0i,0.000345756067535195+0i,0-3.80015965640884e-12i,0-1.00131659144664e-11i,0+1.53572251025153e-11i,0-2.99265131799118e-12i,0-4.13176185539895e-14i,0-1.90499006710264e-13i,0-1.23022399743881e-12i,0-5.52409185034066e-13i,0-5.42182688164989e-12i,0+6.22612631299226e-12i,49.668316147252-0.0921720175746641i,53.0112342335306+0.0207982441259338i,31.3924044327131-0.0154710141299052i,8.80481656207322-0.0433261860945533i,5.47518075760538-0.0128170198700918i,3.56254487518617+0.00671579932434192i,3.10220347302258+0.173577352686825i,1.82898970177701+0.0703994441068476i,4.26137787043237+1.19195545730547i,1.44569983643886+0.00728172071112929i,0-0.000728941123595745i,0+0.000642617978640908i,0+0.000257415442853863i,0+2.57402072877126e-05i,0-5.5556078002163e-05i,0+3.7526724122301e-07i,0+1.38762305967093e-06i,0-1.61172373384452e-05i,0+1.37187118467402e-06i,0+1.93573372745603e-07i,0.000584943221633139+0.00109519901904823i,0.000159804594192439+0.000806005191965739i,1.85280061602803e-05+0.000202509285771347i,8.95849980852502e-07+2.15129721637558e-05i,1.25622548630427e-07+5.51087221840095e-06i,-2.67110015042373e-09+1.38020537952167e-06i,-7.09647229127316e-09+5.81575083631851e-07i,-8.26002820039802e-09+2.56671517795364e-07i,-2.93373486673156e-08+1.78461208102646e-07i,1.56461299502836e-09+2.9154181009599e-08i,113.389756214797+0i,210.101001196284+0i,58.5375794889503+0i,14.0457311136863+0i,9.69961741289667+0i,10.9132552491264+0i,5.96683144602126+0i,3.97439469993113+0i,8.6642406123166+0i,2.67641875813304+0i,Healthy
5.90369391184953+0i,3.85964220089709+0i,0.663147647109265+0i,0.137879280606707+0i,0.0311510859361878+0i,0.013719902273517+0i,0.0172706869356567+0i,0.00190783827049505+0i,0.000418587879234039+0i,0.000105071916499294+0i,0-7.75625210440392e-12i,0+6.35837887423734e-11i,0+6.13871606502721e-11i,0-6.43845817342336e-11i,0+3.96532937291172e-12i,0-1.45466016192465e-12i,0+3.01943976769091e-12i,0+2.11817936263411e-12i,0-1.56300767770799e-12i,0+2.12399952892763e-12i,73.024875468274+0.278732685909929i,67.8002821846171+0.138767512712256i,25.7967889252239+0.00682693002833035i,11.6069477799176+0.0921973349395004i,7.05761523646169-0.0178054903347484i,5.19234650331921-0.0239258620992768i,5.66090333568573-0.14501599159051i,2.16148736048609-0.0839704482189548i,1.16141954435291+0.0765997735192104i,0.573137504219165+0.0420975542505777i,0+0.000710257733223446i,0+0.000239883468137219i,0-1.88983690029571e-06i,0-5.10987641405999e-06i,0-5.02619329374648e-05i,0+1.28382305972108e-06i,0+6.69546650874265e-07i,0-1.29194708151454e-06i,0+1.14967846687845e-06i,0+7.31918894060535e-07i,0.000690362364096615+0.00162430654082309i,0.000174305283629378+0.000911833622820394i,1.58281205573377e-05+0.00018267311379853i,1.34208545003275e-06+3.533001354491e-05i,1.42041595447166e-07+7.27852864542213e-06i,3.02876798949234e-09+2.22757504782079e-06i,-1.13919219728144e-08+1.10867999304336e-06i,8.52454523626046e-10+1.91997162512058e-07i,-2.3651562073025e-09+7.00353979421435e-08i,-1.37245965733364e-09+1.42045005036813e-08i,343.827103135374+0i,154.655753126806+0i,66.9804419410919+0i,24.8447271021462+0i,13.2549645135534+0i,10.9654713149598+0i,11.324120110733+0i,4.0146242148028+0i,2.01553851429289+0i,1.31618282905477+0i,Healthy
5.37241564418679+0i,40.088385208423+0i,7.62275546901842+0i,0.679422112961268+0i,0.144806834838822+0i,0.109680243124668+0i,0.183405234960781+0i,0.027234640738884+0i,0.0343440434151987+0i,0+0i,0-3.92881968531361e-11i,0+6.59810617600499e-09i,0+1.17645814949414e-10i,0-7.94636770070224e-10i,0+2.00398848451575e-10i,0-2.13770214968632e-11i,0-4.53809527224115e-10i,0-3.66579007798691e-11i,0-8.49842883784558e-10i,0+0i,103.325238477344-0.811912738268513i,325.272139702384-0.118080814686238i,143.33086447251+0.576165634862995i,47.7068321911804+0.044694929920897i,24.0370402428549+0.136861981018652i,15.5007796796106-0.297803263001311i,14.1547156020217-0.978589588372795i,7.66144925436216+0.316552077961558i,16.8513497319652+4.42975630276207i,0+0i,0-0.00404883547094447i,0-0.00174558022408255i,0-9.04199181488932e-05i,0-4.64529244804586e-05i,0+2.36375756456248e-10i,0+2.95628808435308e-07i,0+7.60731843065297e-07i,0-1.71210331028339e-06i,0+2.84101935714334e-07i,0+0i,0.00236001490552153+0.00198948596222407i,0.000725563055206636+0.00362418709516157i,7.79614952018198e-05+0.0008421796506864i,5.63504552755271e-06+0.000120833391471555i,4.25939631545374e-07+2.58793038183908e-05i,1.01646919376929e-07+6.79219470666031e-06i,2.3293063443653e-09+2.91895867586299e-06i,-8.20811720101626e-09+8.0778280536536e-07i,-2.11524427290021e-08+2.76918382535271e-07i,0+0i,200.783514740634+0i,1017.96391059088+0i,237.496134065241+0i,54.3632567786534+0i,36.8120954620631+0i,22.5391438962872+0i,29.5166546596359+0i,14.3572541014724+0i,24.5305843141+0i,0+0i,Healthy
18.4277569278756+0i,10.3653564464976+0i,1.19777994782418+0i,0.194491444076631+0i,0.13746707642233+0i,0.0495328809245564+0i,0.0425651791465153+0i,0.00848046135465542+0i,0.0149181587088017+0i,0.0266918018088627+0i,0-4.49811969012631e-08i,0-2.20064285590212e-07i,0-2.4256492514401e-08i,0-6.07670762684862e-08i,0+3.9430071435139e-09i,0-3.27377922039017e-09i,0-1.18787388770607e-09i,0-5.38377675264256e-11i,0-1.25253009383039e-09i,0+6.12759743094266e-11i,218.075397970309+0.835925138426747i,188.033038477103-0.559272593100487i,57.0648319649662+0.0135559285650606i,23.044093653369-0.090077367648213i,21.444278400496-0.105362092259404i,10.8125658921809+0.0704898984388223i,7.56843385940378+0.428411948475286i,6.86787992728292+0.244761025101959i,10.2004855079588-0.368785849705122i,14.4067355949096-0.43773450441197i,0-0.000913178410286585i,0-0.000386381674515072i,0-3.38765141020221e-05i,0-1.79860008224659e-06i,0-1.52817546058421e-05i,0-5.10239112127633e-06i,0-3.32809222854134e-06i,0-2.56597586193279e-06i,0-1.17620027114084e-07i,0-2.34074371987219e-07i,0.00189247748197678+0.00409762343369895i,0.000310537300726596+0.00178964184280269i,2.41324626237316e-05+0.000289308916274417i,1.49073598035705e-06+4.0217003609099e-05i,3.51881018461338e-07+1.36872117202412e-05i,4.99259110845136e-08+4.86125763337497e-06i,1.8082569182022e-08+2.0670305595089e-06i,2.55717977256833e-09+6.94159512789953e-07i,-5.87041768486404e-09+5.3673534145984e-07i,1.10855937249585e-08+2.44123689819676e-07i,450.871007850638+0i,277.937621257221+0i,180.277940505069+0i,23.4730988153214+0i,56.814174432979+0i,14.7920914672801+0i,13.5496501968174+0i,8.59832973784371+0i,13.2555711793547+0i,30.0794803487268+0i,Healthy
63.972545592623+0i,64.4099635711733+0i,7.94104716093057+0i,1.9204071581289+0i,0.546921083800077+0i,0.21018934276875+0i,0.151661232179141+0i,0.0252581838562428+0i,0.00639194855296075+0i,0.0221844555556606+0i,0+5.7556877172439e-10i,0-8.47047197605637e-10i,0+3.84297898812083e-10i,0+1.46267015651736e-10i,0-4.69317835032003e-12i,0-5.29876717675564e-11i,0-1.07282536991684e-10i,0-7.72434959700239e-10i,0-3.63739094507783e-10i,0-1.1757395264273e-09i,307.130661063108-0.715793492037857i,415.740292056792+0.633051939601435i,117.061078874276-0.581943664495223i,63.0264889022229+0.238118346599799i,38.7568950760777+0.0963936329261474i,27.5316849212576-0.13440420812737i,18.960937805944+0.165679989234551i,13.0254619919045+0.50461688508826i,5.60969800511178+0.120076259690984i,14.2143391806616+1.74905604827987i,0-0.000288101444140992i,0-0.000208869276337095i,0-0.000123923518600953i,0+6.1689566560972e-06i,0-1.06773628805701e-05i,0-5.85609869969998e-06i,0-1.03484595682262e-06i,0+9.79949726859533e-07i,0+8.55864020207024e-07i,0-2.68369041182743e-07i,0.00446072039763944+0.00662009446159595i,0.000899122211301106+0.00444914499442753i,7.68077710228756e-05+0.000765541160809713i,8.08244214101674e-06+0.00017138325804754i,6.85538687159738e-07+4.13011078885049e-05i,1.00884298601241e-07+1.19025823691437e-05i,-2.9233040478582e-08+3.10309230309923e-06i,-1.72711234947458e-08+1.01801647848637e-06i,-8.30694918438734e-09+3.44949361939591e-07i,1.08159008839435e-08+2.15553621300584e-07i,731.0080866207+0i,560.177862299197+0i,428.350727079284+0i,183.243594110994+0i,56.2082573867143+0i,37.9587029406263+0i,35.0255967460011+0i,17.6156166103687+0i,8.28568695438106+0i,20.4221690607624+0i,Healthy
36.9899003118407+0i,66.8533247901108+0i,28.9203860102898+0i,2.17313425513406+0i,0.541249964610843+0i,0.339506409487968+0i,0.0938465536032023+0i,0.0320351864054975+0i,0.0616338124833755+0i,0+0i,0-1.26493661971022e-09i,0-3.17991479254227e-08i,0+1.24647830774557e-08i,0-3.58867993762312e-09i,0+5.99725490312031e-10i,0+1.42026319409989e-09i,0-4.92096731962285e-10i,0+1.252847486665e-10i,0-4.75917762999546e-11i,0+0i,255.124340180783-0.394470448150441i,448.143250971762-0.912819471461901i,241.409452665434+1.01587488630294i,76.2334039468539+0.200597983402925i,38.2661610804173-0.346183722646331i,31.8691877281931-0.000850357792466118i,21.4090757641436-0.0342981816499633i,13.2769513805807-0.0879306919105885i,12.3229944686894-1.02540228727396i,0+0i,0-0.00150754206067237i,0+0.000217860367145376i,0+0.000111202815081348i,0+2.99847240515609e-05i,0-2.676109217241e-06i,0-2.36768112238311e-06i,0+2.38368304080928e-07i,0-9.82711128853517e-07i,0+1.00169556069673e-06i,0+0i,0.0035741170699606+0.00459078235848931i,0.00130418765698018+0.00489980802505798i,0.000211205554643019+0.00172895814924434i,1.36849033951602e-05+0.00022641436306704i,1.29140563289132e-06+4.88944314558831e-05i,1.60572106773164e-07+1.63484638889263e-05i,2.61740548938735e-08+3.78415533747629e-06i,1.90461497444912e-08+1.42776041200551e-06i,-6.36992534292349e-08+6.97930350844505e-07i,0+0i,706.748795815788+0i,479.376645074102+0i,362.307008038778+0i,138.744160429285+0i,69.2801278689094+0i,53.4617505451323+0i,22.4155432685584+0i,27.6474294343552+0i,26.9374552103718+0i,0+0i,Healthy
22.0109609627214+0i,26.8638336348588+0i,4.38961188725489+0i,0.887679373409366+0i,0.295362618517849+0i,0.145265180312714+0i,0.093478102905417+0i,0.0623414047704728+0i,0.0857679370068444+0i,0.078863333856142+0i,0+1.37072145859499e-10i,0-1.13760494535057e-08i,0+1.16291409472522e-09i,0-3.91336524012881e-10i,0-1.24775577958929e-09i,0-4.83644658535184e-10i,0-2.83482049262382e-11i,0-5.7859236618309e-10i,0-2.21895893932805e-09i,0-1.83554099797796e-09i,269.360621984166-1.2514800360518i,367.616776919589+0.686835179284695i,147.70936767064+0.385942898229613i,63.9399134402368+0.338162175149944i,39.6652092056601+0.183378796752172i,31.0106841240677-0.185198220365112i,27.3178808887219+0.0780885997174903i,23.5862979021392+0.464216071280308i,32.3254611971821+0.734994278659881i,26.3850152871982+6.79288773861263i,0-0.00257623517988522i,0-0.000461849660885036i,0+1.98432719155187e-05i,0-2.93965010553954e-05i,0+6.21459538494843e-06i,0+1.29435652254001e-05i,0+2.56175325326944e-06i,0-9.81202900030102e-07i,0-3.15833830785579e-07i,0+2.62534543961242e-07i,0.00180435533486108+0.00346190518048405i,0.000498030470830617+0.00264768493844562i,4.17121931560358e-05+0.00051000669053612i,3.26403261847355e-06+8.70497823891862e-05i,2.61718812704935e-07+2.11503303061183e-05i,6.48289353572403e-08+7.58166641745891e-06i,2.76505242377219e-09+2.49788750207239e-06i,1.59506137590276e-08+9.28861929604475e-07i,2.11325071417466e-08+5.76406756212505e-07i,-3.31375020625762e-08+4.10932399133079e-07i,461.64753130736+0i,383.138133441755+0i,312.437664829747+0i,77.4479191541318+0i,38.3062344989011+0i,29.374979706085+0i,30.06995629133+0i,25.5022540910385+0i,36.7180391724801+0i,38.4055188403256+0i,Healthy
11.9634095482078+0i,4.74260875075456+0i,0.464116943096868+0i,0.0524484258206745+0i,0.0312710991128798+0i,0.0176349385339292+0i,0.0248153675784071+0i,0.00666798000336754+0i,0.0130399566132601+0i,0.0152475732898697+0i,0-4.56968681601911e-09i,0-9.49749704375209e-08i,0+7.11913805145122e-08i,0+3.04133504436518e-09i,0+6.77607764807938e-11i,0-6.51420347409949e-10i,0-1.07274867191506e-10i,0-1.64174068080091e-10i,0-5.3457825937818e-10i,0+7.57808983002587e-11i,53.2090370646957-0.722024818861403i,82.1390263296175-0.338771007580675i,25.9287115393563-0.135811481281805i,7.27841484079131-0.058550640823564i,5.37427598782456-0.0147536389777596i,4.9194992209408-0.0725589074078086i,6.27602237300378+0.063013811042168i,6.4403970893361-0.146300375746054i,7.46249267446308+0.0778698743548444i,10.9035704635569+0.765391154220699i,0+0.00041463717320294i,0-0.0016269551378277i,0-0.0002172826243439i,0-8.93811944516682e-07i,0-3.17459534845982e-05i,0-1.56103423187401e-06i,0+1.34905689506028e-06i,0+1.20379709933381e-06i,0+1.23116251068208e-07i,0+3.07742655302885e-09i,0.000669941893532465+0.00152761722121508i,0.000112577850320744+0.000616877720705922i,1.2203454409808e-05+0.000116028849046854i,7.93082532531689e-07+1.78010245491021e-05i,1.01522636264877e-07+4.94776305983064e-06i,3.06735416971453e-09+1.65984791010387e-06i,6.29289521657928e-09+8.2045165756357e-07i,7.72828178167079e-10+4.22244290269942e-07i,-1.46849177121227e-09+4.15547150625202e-07i,-1.99491578038328e-09+1.80629822289467e-07i,272.19272765827+0i,87.861570433937+0i,62.8441828471095+0i,17.9073992135806+0i,18.6875674301164+0i,7.85646102394614+0i,17.3515857209361+0i,8.90451110245869+0i,12.7461051627231+0i,22.4845556240322+0i,Healthy
6.26149969713751+0i,42.4690555582175+0i,23.3577479522464+0i,2.97804834879849+0i,0.702171240493921+0i,0.441601361410386+0i,0.215471243529226+0i,0.0280054305625651+0i,0.00543202188449364+0i,0+0i,0+2.7134345528592e-09i,0-5.67208194164108e-09i,0+1.33689447344638e-08i,0-1.86213994007058e-09i,0-4.95134463849265e-09i,0-1.73960952572868e-11i,0-8.26640591270799e-09i,0+9.24391457122079e-11i,0+4.92862148730745e-11i,0+0i,93.0299718385959+0.0274826505385163i,296.480801110656+0.341667673199162i,268.483992318359+0.603441260717018i,111.789993353736-0.1358467153691i,51.404560432585+0.0736198160452915i,38.2415617831365-0.182448333086745i,30.1784456162444-0.831394597785669i,7.7949436070864+0.331570273909811i,5.16564895586565+0.438006591869733i,0+0i,0+0.0072316608826906i,0-0.000429080153608248i,0+0.000212769595152281i,0-2.28041491238111e-05i,0-1.08727915467222e-05i,0-4.16595310164879e-07i,0+5.04248963971224e-06i,0+2.5906907668309e-07i,0+6.79633931603367e-07i,0+0i,0.00233738749070778+0.00125094659868492i,0.000958739997080942+0.00341181856768824i,0.000201611160905033+0.00169065660617868i,1.5909196628338e-05+0.000292308832646142i,1.30309304793984e-06+5.96816921645672e-05i,1.64944263135479e-07+1.41814969573268e-05i,-5.76220401396258e-08+4.06284867730078e-06i,-3.583021948299e-09+7.03915514596499e-07i,-9.33971115183304e-09+1.78105834144919e-07i,0+0i,386.770810406267+0i,877.964365906766+0i,511.696020064544+0i,112.06956872935+0i,52.5947986238096+0i,94.0992927148152+0i,39.9614880863783+0i,28.0822651845717+0i,9.10080299942807+0i,0+0i,Healthy
8.25126927639148+0i,8.53870290464016+0i,1.74219526307845+0i,0.223441912938837+0i,0.0883086503475884+0i,0.0716412606363403+0i,0.0240092540716412+0i,0.0174870860315723+0i,0.00850674808890084+0i,0.000437830953044606+0i,0+3.60038679819889e-11i,0+2.63779302275684e-10i,0+6.73838297726971e-11i,0-5.65930815588687e-12i,0-7.00238966892397e-12i,0-6.71563476969361e-13i,0-2.10973728234837e-13i,0-1.78846809498405e-11i,0-1.74069876471139e-13i,0-1.57402035971716e-11i,57.9534582373999+0.319000587335194i,91.3431532569686+0.32826126505607i,44.7859345432039-0.00112922765608986i,16.9596901773881-0.039259512162419i,11.4824088636528-0.00756429052064868i,9.91179997809777+0.0570511045091257i,6.51375071364724+0.0951360855731693i,4.60549499719653+0.317900336752438i,4.19794429615301+0.0215143783133058i,1.98207102350345+0.371614233144129i,0-0.00218501451052705i,0-0.00100370397030516i,0+0.000117210213542468i,0+1.31249341274319e-05i,0+5.28173932664551e-05i,0+2.84818744335877e-06i,0-1.72560712177487e-06i,0+8.98936567198218e-07i,0+3.22117965864762e-05i,0-4.65719243457256e-08i,0.000985725225988993+0.00173851737461786i,0.000326672597466272+0.00147495321624518i,3.51839762085645e-05+0.000371011545117877i,2.58678591523144e-06+5.41884394822558e-05i,2.5652194456391e-07+1.37427047206839e-05i,5.5165414678061e-08+4.56839462626226e-06i,3.01473051273533e-09+1.44316419292686e-06i,-3.90515089397239e-08+6.70183101807791e-07i,-4.93900674681516e-09+2.12939806816909e-07i,-2.59277499969494e-10+3.00161916020255e-08i,296.517664700928+0i,326.294764695939+0i,104.397501880886+0i,32.7316715694379+0i,21.8390462531044+0i,24.0743310175662+0i,27.1413998104858+0i,11.3784027857034+0i,8.27696059807844+0i,2.91677376299927+0i,Healthy
14.4894920400301+0i,8.43610009803985+0i,1.04116295283218+0i,0.338645929717162+0i,0.0608948056224198+0i,0.0277843413691145+0i,0.0125957740799679+0i,0.00150109026783503+0i,0.001630713275674+0i,0.00257676077049649+0i,0-1.58371341009182e-10i,0+4.7371919285826e-10i,0+7.12137877067288e-10i,0-1.25473536595917e-10i,0-5.32528257777326e-11i,0+5.08933966905582e-11i,0-2.38103029878756e-10i,0-1.16521847125931e-10i,0-6.18120394791708e-11i,0-1.62201361718663e-11i,64.0161245417737+0.93479889064174i,93.5651715465807+0.407806969792459i,43.0223908767857+0.0853115088258782i,18.5826907977682-0.0635718286726996i,11.1272577049566-0.0578239083363015i,6.98228018281757-0.046456249373152i,4.91737257859989-0.16619489533523i,2.35247269484038-0.0973402325625098i,1.84352320903765+0.126107363880807i,4.85768314898046+0.212680445165542i,0-0.0025265069718449i,0+0.00154977040847837i,0+0.00018736835329304i,0-2.34922501210902e-05i,0+1.43718459070668e-05i,0-4.66733839217166e-06i,0+4.57534763356462e-06i,0-8.81476725488355e-07i,0+1.21783652869099e-06i,0-1.07862975263584e-08i,0.000824771374510402+0.00117863236519859i,0.000194326525774632+0.00094842651752778i,1.7948069903582e-05+0.000194001364552222i,2.30530850128147e-06+5.48547115223631e-05i,2.65581707606083e-07+1.23919003594821e-05i,2.15733974033091e-08+3.11920989050598e-06i,1.21581514721054e-08+9.01736941898484e-07i,-4.46109264307789e-09+2.33112268166587e-07i,-7.19373860519712e-09+1.4518399473218e-07i,1.02767853704685e-09+7.33895816317926e-08i,178.66166132288+0i,210.844916909038+0i,75.6206830085405+0i,55.0084145020994+0i,30.9320902876801+0i,19.7772151630104+0i,6.56527443986781+0i,3.13955805144702+0i,3.73446874907071+0i,9.24070997051797+0i,Healthy
41.9244803886437+0i,113.246083205391+0i,17.5412880945055+0i,2.47281040121355+0i,0.697211169368082+0i,0.503931108786102+0i,0.239218529583164+0i,0.013744262894909+0i,0.0159123422056656+0i,0.0016775300993893+0i,0+5.88339668352865e-11i,0-1.87904587827409e-11i,0+6.40493058459828e-11i,0-5.47851578579125e-14i,0-6.33403089617176e-11i,0+1.76139182198112e-10i,0+1.24743522243618e-11i,0+1.45877282134376e-14i,0-5.70900938957476e-10i,0+2.97497798081179e-11i,171.733042902774+0.532838519573215i,360.640342872227+0.946358604278938i,140.029856310956-0.101600507705669i,52.6267941354507-0.430724786177349i,29.4503553688318-0.314758404900641i,27.3378902175763-1.14548177362319i,23.9958509163579-0.401218559538644i,8.34661770350564+0.107286559873752i,10.7592290619222-0.22219744576445i,3.28716972882535-0.0961487897175696i,0+0.00821832248447254i,0-0.000805120692529183i,0+8.57985167198604e-05i,0-3.94210691330539e-05i,0+5.93510024287329e-05i,0+1.06057731181839e-06i,0-1.31376306740884e-06i,0+4.23632970137428e-06i,0+3.20875129450908e-07i,0-8.66001329509928e-09i,0.00320367520779428+0.00355199684559019i,0.00152509206730508+0.00635701322204595i,0.000153834720914647+0.00134833723866711i,1.31214865527269e-05+0.000229159970578836i,7.58856147864636e-07+4.87178290315576e-05i,-5.96723540552902e-08+1.93982431018467e-05i,2.89871549167962e-08+4.78949219850899e-06i,2.63191618515337e-09+5.05539813050604e-07i,-8.8648990623308e-09+3.49224241415676e-07i,4.04576241639814e-09+6.16678221898254e-08i,896.138747045975+0i,1055.70897511443+0i,320.553376966458+0i,241.700021967134+0i,62.7074103832992+0i,61.4892692680873+0i,41.9986257417215+0i,15.0821358941349+0i,14.4422244088808+0i,6.60168351096164+0i,Healthy
330.977373095601+0i,130.834246494763+0i,40.7132596519084+0i,4.61995278269934+0i,1.28860681393624+0i,0.489342362304215+0i,0.481904300088609+0i,0.054768239775906+0i,0.0916553929450216+0i,0.0359603862467868+0i,0+2.77571619528634e-09i,0-1.20553278119872e-08i,0-1.04810313576034e-07i,0-2.01527764729018e-07i,0-1.66021095987967e-08i,0-4.26539984111398e-10i,0+1.21846637910488e-09i,0+5.50829704841449e-11i,0-1.29957253364304e-09i,0+4.08697565615066e-10i,849.774963593355+6.54590405876379i,674.807567733975+1.23053476268385i,356.375201331344-0.582337879201303i,138.061723466584-0.083436913085641i,77.0813577925184-0.169130313543655i,50.6824540281517-0.34462849214579i,64.2263037005167-0.181804014098302i,20.4378764927992+0.0816336501184121i,16.8400496022564+1.32286934125758i,15.7499379029899-1.85065592123605i,0-0.000246605322109138i,0-0.00025669944851137i,0+0.000146633720975612i,0+0.000458447781576913i,0-5.31990082883704e-05i,0-4.7361786134744e-05i,0+3.95920963707464e-07i,0-2.22961434651256e-06i,0+1.1018609499474e-06i,0-1.60479963346836e-06i,0.00641911800755979+0.0151510705956705i,0.00188460301294048+0.00767650883763294i,0.000251538808751282+0.00215639837820331i,2.09784410314512e-05+0.000370274484062668i,1.84253424813102e-06+8.22186190674141e-05i,2.73654761817295e-07+2.06149404726969e-05i,2.0839592618784e-07+8.63065094440358e-06i,1.07145349986773e-08+1.56527507971451e-06i,-6.29112593169706e-08+1.12186473090489e-06i,8.02990818098882e-09+2.72430504107188e-07i,1771.57100924896+0i,1353.3324339151+0i,444.096261413127+0i,169.252777431415+0i,97.9697021251887+0i,109.278631520515+0i,85.5587160149351+0i,43.9763915288367+0i,32.0092212331348+0i,36.5151512501301+0i,Healthy
0.489946964643761+0i,0.855071614796212+0i,0.665637130214085+0i,0.0324516637931742+0i,0.0068027552470873+0i,0.0129713386873695+0i,0.000317988909123918+0i,0.000479298486453916+0i,0.000177796487648068+0i,0+0i,0-6.86082180044931e-10i,0-6.01642409051673e-09i,0-8.34324621399201e-11i,0-2.79858794014449e-11i,0-2.25335706749978e-10i,0-1.20835532137069e-10i,0-1.74756616913523e-12i,0-1.30408592768232e-11i,0-1.75275114810573e-11i,0+0i,37.185440035385-0.383466310893657i,65.2207627742074+0.39080575280764i,58.8422180922539-0.0833693247704536i,11.3032001926152+0.0199051358098648i,6.88876162679661-0.00239685638944733i,8.1397705276893+0.237496312691249i,1.67936447306154-0.00298951056651338i,2.18100627905953-0.00908789991422842i,1.41524261887982-0.0411384595205345i,0+0i,0-7.22366628174003e-05i,0+0.000691145655487163i,0-0.000122531980101303i,0-0.000253239491308885i,0+5.09087773172887e-05i,0-6.27185788270627e-07i,0+1.85328290924048e-06i,0-7.96144012415632e-07i,0-9.73415880846261e-07i,0+0i,0.000237266447667187+0.000382735906667268i,7.04043667733127e-05+0.000339614458053272i,1.67712533985792e-05+0.000186522741141185i,3.44246990432311e-07+1.13348500716767e-05i,4.4670396981783e-08+3.23700056397796e-06i,5.69037733369478e-09+1.00734172179226e-06i,-4.11285784928725e-10+2.03884496027893e-07i,1.02853982152416e-09+1.02193904767646e-07i,3.20125902212392e-09+3.62180842023216e-08i,0+0i,34.5345597085492+0i,52.500517641999+0i,56.2790563595824+0i,13.8143265647023+0i,5.35114860096746+0i,6.96199685069181+0i,2.5673381593414+0i,2.16179304626781+0i,1.43890530436298+0i,0+0i,Parkinson
231.250845921112+0i,369.891280462754+0i,174.10861666719+0i,6.48335555674388+0i,3.98222044208278+0i,1.22774177230749+0i,2.46133129895953+0i,0.212801360503506+0i,0.257618649018738+0i,0+0i,0-5.71381604150217e-07i,0-2.07264186690354e-06i,0-5.12195907767056e-07i,0-3.26543066673365e-11i,0+1.84237709964267e-10i,0-7.17383828419903e-08i,0-6.3666817681654e-08i,0-7.44866522161722e-09i,0-4.45992414964914e-09i,0+0i,904.853552920735+3.19420740298212i,1463.58657488226+4.56038110857735i,1220.19676752908-1.69961545100911i,187.836912123251-1.15941145823351i,154.234054439426+0.269120344226266i,105.645696843962+2.89265634932096i,156.397271285656-4.89631494818375i,45.481088917022-0.20152257976941i,44.4430261983036-2.53478752619203i,0+0i,0-0.000875194297313548i,0-0.000297201014653729i,0+6.57390551073096e-06i,0-0.000183443439415692i,0+2.39076443243039e-05i,0-1.16174318915221e-06i,0-7.00931127412111e-07i,0-1.08651687326872e-06i,0+9.0981843962501e-07i,0+0i,0.00395007519174573+0.00828612541923673i,0.00196717445746614+0.0102827374198459i,0.000364652598106975+0.00417891052074142i,7.07233424630429e-06+0.000213928015310392i,9.33606240348736e-07+7.56497934057283e-05i,1.41985229419311e-07+1.86485186526534e-05i,3.32468022178481e-07+6.28147297244498e-06i,9.20248517698192e-08+1.79609549161953e-06i,-1.58048233259038e-08+8.42106928739552e-07i,0+0i,951.857944010922+0i,1447.31026896535+0i,1112.88093910178+0i,267.475661792218+0i,225.357035266279+0i,107.574011361988+0i,147.22453427099+0i,48.8329979464598+0i,76.4673784017693+0i,0+0i,Parkinson
8.09732380941951+0i,12.8815106078913+0i,7.31920239162472+0i,1.06618515573696+0i,0.295919749757008+0i,0.166490793753638+0i,0.0866052082356053+0i,0.0251992012724485+0i,0.0461864190300369+0i,0+0i,0-2.90505499005697e-08i,0-5.48633111622895e-07i,0+3.44766170351585e-08i,0-1.02491447081111e-09i,0-5.9554345228292e-08i,0+1.68313375314695e-09i,0+3.72283603298971e-11i,0-7.18304787886234e-10i,0+2.66789224250307e-11i,0+0i,107.276751218302-0.147122279050275i,182.823275169279+1.23264298625971i,126.067077938182-0.449206643672797i,46.3554884003814-0.349796046009657i,26.4022247298283-0.019202416793862i,16.5859560463656-0.759077520999363i,25.0710069810093+1.40507698202244i,9.42547365510673+0.251923401042707i,20.0653659959165-0.318025424299014i,0+0i,0-0.00226211349500344i,0+0.000287541361540709i,0-1.67522483985024e-05i,0-4.85145059396567e-05i,0+4.15831853085293e-05i,0-1.00272330956166e-06i,0-1.03146051448131e-07i,0-3.22499936487439e-07i,0-5.77863066754653e-10i,0+0i,0.00057388999944632+0.00105538979277876i,0.000157268449998132+0.000938874709910374i,2.43241948899157e-05+0.000400800428332902i,2.36421771933932e-06+7.43070432059964e-05i,3.78793935063311e-08+1.51000957400588e-05i,3.25509929956367e-08+4.27626439884122e-06i,5.81778026809964e-08+1.7211549384348e-06i,5.17975035020581e-09+6.68554515487545e-07i,5.8835484378241e-09+2.92899864852731e-07i,0+0i,124.961388523707+0i,152.481640984104+0i,298.491355484288+0i,107.727296416984+0i,29.3421854678073+0i,49.7531320145509+0i,51.8654373508727+0i,17.118825944729+0i,39.866746693931+0i,0+0i,Parkinson
16.536600429824+0i,8.71971812949567+0i,6.35150598214939+0i,0.526696880722052+0i,0.13833310996379+0i,0.089098087780282+0i,0.0209713441251205+0i,0.00596114086189929+0i,0+0i,0+0i,0+1.56305561299008e-10i,0-4.82047292016974e-11i,0-8.66179670341166e-10i,0-2.76881700788296e-10i,0-7.10771816965477e-11i,0-1.19781485676868e-10i,0-2.05690753032447e-10i,0+5.36111191491624e-11i,0+0i,0+0i,93.5543917960691+0.0753768280627376i,141.168426946411-0.0284797453061259i,129.503286120175-0.260698736781272i,38.9455162924976+0.0745458245202996i,21.8873241911675+0.0992370327080976i,12.0438236222789-0.107528998854969i,9.18899689297669-0.0522416176046919i,4.58129756645404+0.116242249817444i,0+0i,0+0i,0-0.00158889388379667i,0-0.000397412973998175i,0+4.46447193342336e-05i,0+7.56725213498801e-06i,0+1.34124011462987e-05i,0+4.42981741773772e-07i,0+7.51771871314767e-07i,0+8.58806945869017e-07i,0+0i,0+0i,0.00171206160855254+0.00295888139880254i,0.000246949576255058+0.00128595805473523i,3.74725560508986e-05+0.000539386592111594i,2.59990215519493e-06+6.80285262150919e-05i,2.55198384426608e-07+1.47227923083943e-05i,1.65764774962645e-08+4.07299165358857e-06i,5.30359727163737e-09+1.03785843763753e-06i,-1.10310486620459e-08+2.26366749292043e-07i,0+0i,0+0i,288.460385044361+0i,281.022710505263+0i,152.405870527163+0i,59.5787309484427+0i,23.368823085521+0i,27.9136000798179+0i,12.4931898836208+0i,9.28200377167752+0i,0+0i,0+0i,Parkinson
17.501494396085+0i,50.1776108628059+0i,15.7873488673036+0i,1.58233921139228+0i,0.439949696042919+0i,0.140364944862353+0i,0.140073802280177+0i,0.0632690767940278+0i,0.0948650772349744+0i,0.120190564027327+0i,0+2.55236669812823e-12i,0-7.34865116741507e-13i,0-3.78358249825641e-11i,0+6.60120948320655e-13i,0-2.81899611735384e-11i,0-1.58938501230667e-11i,0-7.42393020352341e-11i,0+7.47856049532139e-12i,0-1.02256686347882e-09i,0-8.70484520796783e-09i,123.493692630199-0.511619990603801i,340.816873399938+3.89858847826212i,210.996883802611+0.213005876002998i,68.236507477907-0.0636559786967452i,39.7428306120118+0.188103132831641i,20.5166181688297+0.00577289365368124i,25.1116225551569-0.222538834387752i,15.1129778025742-1.76803539500986i,22.06338385329+2.91606623321292i,31.3810161392441+6.15784424790865i,0-0.0058436260312309i,0-0.00113140498632236i,0-0.000160295458982538i,0+9.80543064548672e-06i,0-1.75525053933867e-06i,0+8.47329449711426e-07i,0+5.54240276758215e-07i,0+1.58794826066151e-08i,0+9.19021145498558e-07i,0+3.00831176555753e-09i,0.00122468961403628+0.00197848298502065i,0.000367694389027257+0.00252089645959403i,5.74010762412936e-05+0.000745497293226372i,1.80456085956427e-06+7.29700791390155e-05i,2.31664843332973e-07+2.31386253585948e-05i,3.69527759114386e-08+6.48752364626279e-06i,2.30054954004151e-08+2.03694246628655e-06i,-2.37785028416697e-08+1.0311308499435e-06i,-5.7458018892058e-08+8.39139673188246e-07i,-4.97270551495564e-09+5.23037807883995e-07i,378.530326406291+0i,805.745777327743+0i,375.046257288456+0i,122.5054655401+0i,58.5613671799739+0i,22.8336661249142+0i,31.0460808633165+0i,40.5504990144308+0i,36.1976601110025+0i,45.9843330399136+0i,Parkinson
3.13902277869322e-05+0i,1.17226549227434e-05+0i,3.04658379561771e-05+0i,3.68384139920391e-05+0i,0.000241790160097694+0i,7.64061616006159e-05+0i,5.83766266717437e-06+0i,2.73193766470025e-06+0i,1.68736432527624e-06+0i,2.21618771843183e-07+0i,0-6.28202060992924e-15i,0-1.81220563905783e-13i,0-1.44437671287813e-14i,0+5.77866178908171e-13i,0-2.65769492332184e-13i,0-1.08589366106496e-12i,0-3.48431683144818e-13i,0+1.01701602761771e-14i,0-2.80361222701432e-14i,0+7.98294527593096e-16i,0.317988316435447+0.000280558049245318i,0.229157933407386-0.000193657908430047i,0.251414460895206-0.000260170228569439i,0.342610097073555-0.000186762054729553i,1.18646391494789-0.00781289494738233i,0.669998536664363+0.00101461697797586i,0.185399836917109+0.00302286719829439i,0.153732557041592+0.0014227199706266i,0.104388839072545-0.00277606934318096i,0.0434743742000683+0.00109450631067418i,0+0.00659957602557768i,0-0.00153230041495751i,0+0.00045564095017932i,0-2.90899000291663e-05i,0-5.04868846167988e-06i,0+1.03837823179185e-05i,0+2.34225981249177e-07i,0+4.53181747317019e-07i,0-3.60134603820938e-07i,0-4.60736612473823e-06i,9.64272763812325e-06+2.43217927303216e-09i,4.52663333286488e-06+5.64056032665561e-06i,8.92863159271409e-07+3.64074241088541e-06i,1.41438502324915e-07+1.59531497011995e-06i,3.69040292509717e-08+1.27316684684675e-06i,5.21904679414494e-09+4.42854442492571e-07i,2.17726787321806e-10+4.93137967744972e-08i,2.13891138195314e-10+1.22242508134023e-08i,-1.3530516537028e-11+3.83325088080609e-09i,4.52962617610612e-11+7.86728793041787e-10i,0.498935385482486+0i,0.54249063970791+0i,0.464977807623449+0i,0.962650417784802+0i,2.52521097702856+0i,0.682045528922559+0i,0.238416928470522+0i,0.336065945524034+0i,0.201793683859936+0i,0.0928117722633832+0i,Parkinson
53.2093668813499+0i,151.825960585398+0i,99.3279569155145+0i,8.7342837700048+0i,2.94880006263793+0i,1.39474733519128+0i,1.62224619532881+0i,0.151586038829307+0i,0.0445389915443415+0i,0+0i,0-6.84453904902542e-09i,0+4.47513533975853e-08i,0-3.01389524120348e-08i,0+9.63077756526907e-09i,0-6.214093330947e-09i,0+1.05518915106712e-09i,0-4.15298545487983e-09i,0+7.98096660180479e-10i,0-1.61836860974489e-09i,0+0i,254.951782067477-2.23593809139164i,554.504480837421-0.948641121269517i,574.331034515802+0.743446668650554i,187.42338098453-1.01707510062661i,90.5285012347022+0.460079622010673i,64.5016258505801+0.0488695056305072i,52.4857977090232+1.63887192579585i,20.4485659778107-3.30248374416817i,16.7290817808871+0.691347598373279i,0+0i,0+0.00565535295772536i,0+0.00028787345390257i,0+5.5427202836501e-05i,0-9.53874158090433e-06i,0-1.78483933771835e-06i,0-6.2895358464847e-06i,0-4.57766185591062e-06i,0+9.0440195859871e-07i,0+5.46763999751597e-07i,0+0i,0.00308177502261852+0.0052085291561008i,0.00106078283056243+0.00580241563122336i,0.000223958318300707+0.00281125536726717i,9.81603118497899e-06+0.000289178808285712i,5.7052537784336e-07+6.91289478896696e-05i,1.55750449513281e-07+2.37025583010363e-05i,9.42021233570912e-08+1.22485074800825e-05i,-1.97377731455409e-08+2.0516534002551e-06i,-1.76820001763391e-08+6.15656336399359e-07i,0+0i,687.078217489459+0i,1010.22413326289+0i,1159.39045017356+0i,262.425479633278+0i,111.430264558485+0i,112.38472310407+0i,94.3896177581031+0i,43.8279759547034+0i,24.2994036939583+0i,0+0i,Parkinson
0.00538654669191208+0i,0.0015643711707631+0i,0.00478228128295551+0i,0.00677264079363445+0i,0.00702494845340109+0i,0.00147646298334505+0i,0.000681022408921404+0i,0.000165544013926127+0i,7.4719801897313e-05+0i,0.000191224902269575+0i,0-2.10055047795222e-09i,0-1.03707419797471e-12i,0+4.32362153518804e-14i,0+7.20722262444945e-13i,0-6.55321033561423e-12i,0-3.08161292786678e-11i,0-1.68503701113872e-11i,0-1.49308912846017e-11i,0-5.29126396289133e-12i,0-5.88325088408957e-12i,4.8759222484209-0.0316941762817523i,2.7237302621572-0.000634933086888226i,2.51944192132214+0.0200621389384306i,3.71335376275372-0.0704326199193736i,5.4459350856579+0.0185055168095942i,3.47245585699581-0.00573950550780937i,2.4451866544971+0.0194466570229169i,0.794234623227758+0.0224783509517862i,0.687587664211312+0.00224401843428841i,1.37079768567437+0.0405344883249529i,0-0.000974182423971441i,0+0.00126114165582321i,0-0.000228659600830988i,0+0.000126222797713427i,0+0.000101640438065018i,0+5.81999714904678e-06i,0+5.28049555254166e-07i,0+8.49352036615491e-07i,0-9.45163481491197e-07i,0-8.28395681048232e-07i,0.000112253495207772+2.96172772268651e-05i,2.42336292201781e-05+3.5425018647754e-05i,4.17144260475461e-06+1.81006931429714e-05i,5.82329566893436e-07+9.08032961655156e-06i,1.33230152858367e-07+5.19898708234478e-06i,1.58567573960049e-08+1.33972035684847e-06i,2.3506035555762e-09+4.77334393830852e-07i,-7.65677281120858e-10+1.09962442490985e-07i,-6.49350919933513e-10+4.32977868199686e-08i,-4.92205420629136e-11+3.5831236259432e-08i,3.85181157519004+0i,1.79703363046411+0i,6.90300354698269+0i,16.0805275334272+0i,5.91086426413039+0i,3.44645329652333+0i,2.26215396135023+0i,1.04515547204253+0i,0.812303848979809+0i,1.38934899689691+0i,Parkinson
2.04456058059058+0i,13.1364394256943+0i,17.5352057422632+0i,0.888483218318221+0i,0.276072145890581+0i,0.148135988639915+0i,0.021190914241863+0i,0.153500942080453+0i,0.172860414924769+0i,0.158610597707464+0i,0-7.01622672933292e-10i,0-5.19764337370127e-07i,0-7.33520557976513e-07i,0-7.48505629459662e-08i,0-1.16239835161057e-08i,0-4.67415369892592e-08i,0-3.30241818104121e-09i,0-1.79108247705635e-08i,0+1.61834109643975e-09i,0-7.48110253785547e-09i,59.9503765829279-0.308105625315206i,229.211539196844+0.81440593969035i,296.912931969991-2.09546500536335i,58.5168973983067-0.465982487124669i,36.1948141675049+0.38067826733109i,27.5889005678774-0.187139449271382i,12.4247230400957+0.0644622978103764i,34.5637266480921-0.168072183802613i,36.8307172323555+5.12929020484377i,40.6251003197227-0.810508373914665i,0-0.00108117999458836i,0+0.000464678955338495i,0-0.000290855270676371i,0-1.5553204824753e-05i,0-2.7595229759073e-05i,0+2.02771573146652e-05i,0+5.47008164970327e-06i,0-4.79415383069771e-07i,0+3.05267883511191e-07i,0-1.98606315150679e-07i,0.00053700609605354+0.00063620122168964i,0.000209474716196543+0.0010215729534792i,3.07070358838555e-05+0.000479317602213721i,1.30820307059161e-06+4.01291980820622e-05i,6.06265645078704e-08+9.55801808252214e-06i,1.631969336654e-07+3.56005383747919e-06i,3.3716131077947e-08+1.09315648120638e-06i,1.04398787274923e-07+1.5905463698598e-06i,2.11305816691434e-08+5.66192039267581e-07i,-3.34167427277112e-08+6.2453081608823e-07i,41.0424214852748+0i,153.595482077127+0i,233.239211213261+0i,38.4048926370633+0i,24.8362548122245+0i,19.0978161940156+0i,8.86215902540517+0i,25.9891248169841+0i,69.5039695251621+0i,54.463353297537+0i,Parkinson
48.4537153972918+0i,37.1631746660421+0i,21.6334874634571+0i,1.27897916537329+0i,0.539670716677223+0i,0.498214264909739+0i,0.873030777490202+0i,0.0625427557260516+0i,0.217075245745761+0i,0.160890955413473+0i,0-5.26755837967731e-08i,0-1.39791960488823e-06i,0-8.60713237409501e-07i,0-1.13184279432732e-10i,0-1.75314363057168e-08i,0-1.13152061462139e-07i,0-4.84178354860631e-08i,0-1.69157345953645e-09i,0-1.037692459035e-08i,0-3.59242155742225e-09i,356.082498315107-2.80670669838709i,444.955646320349-0.237696319051879i,375.640804840789+0.110004475839734i,80.7513217425274-0.0218925202041968i,60.4934491973191-0.76978966806678i,58.7577317043556-1.18991848492707i,64.8459343374675-0.149808694448096i,22.0737830817894-0.275148893645377i,48.5633833751164+0.728320947558175i,39.3467764295851-1.0224469882276i,0-0.00297375565694717i,0+0.00069779175360483i,0-9.09499357936154e-05i,0-7.22712077546548e-05i,0-9.46958986126342e-07i,0+4.73375033121857e-05i,0+7.84037295673873e-06i,0+5.95322284968888e-06i,0+6.94068215450817e-07i,0+3.29346167064699e-06i,0.00298126419891349+0.00436920809410785i,0.000787900979774144+0.00323166639092319i,0.0001397015419868+0.00134736379396566i,4.46608268215517e-06+0.000107879618059585i,5.66414078411785e-07+3.07262759205594e-05i,3.43003249564749e-07+1.2451344401237e-05i,9.7500105650137e-08+6.06530497347098e-06i,4.23502167518634e-09+1.35290735498578e-06i,5.17986423497105e-08+1.16496131107507e-06i,-4.26211950371589e-08+5.85489762135946e-07i,364.886310969694+0i,386.086077159025+0i,297.358887964474+0i,83.5547441070603+0i,51.4690032043098+0i,42.7394509020915+0i,45.6990618859204+0i,21.4776824325927+0i,40.788466775417+0i,75.7692463033103+0i,Parkinson
1.29939107219525+0i,7.52585194949289+0i,3.423952381087+0i,3.11802028541721+0i,0.130193623820182+0i,0.0440459148850378+0i,0.0274708059535271+0i,0.00316804000644679+0i,0.00064669509744993+0i,0.00795932177638795+0i,0-2.12399468221285e-12i,0+6.39850756052296e-11i,0+1.67522604583206e-11i,0+2.83049328139705e-10i,0-1.67107249007643e-11i,0+2.71799349137296e-11i,0-8.86956111448726e-12i,0+6.24289612562415e-12i,0-8.13428369536012e-13i,0+5.96844761065045e-11i,12.3014764355201+0.164906639535545i,39.5921226971056-0.399724243655133i,33.1017973541781-0.0960454341155196i,46.987658172828+0.245859636299413i,9.60014911147413-0.0588104308789948i,6.00901083088478+0.229671990481274i,6.83689167562198-0.0219019090880199i,1.73110236803138-0.0346377488369922i,2.42262704480796+0.170165004363757i,7.39329017106995-0.301498162667798i,0+0.00236067525742071i,0+0.00108489058299142i,0+0.000563508972821119i,0+0.000115246679933824i,0-6.48346099380009e-05i,0+5.99226897362806e-07i,0-6.24241900953042e-06i,0+8.3609642891886e-07i,0+6.29768932589064e-07i,0-1.8869949596262e-07i,0.000558028969111764+0.00028743427886347i,0.00019741280724314+0.000851590883732732i,3.30032635903055e-05+0.000329411811488356i,7.00990633211389e-06+0.000185545931918328i,2.60177843239515e-07+1.64146628968554e-05i,-2.02089710478991e-08+4.18526110426663e-06i,5.53472590042086e-09+1.27264236168874e-06i,-1.09111659951258e-08+3.28318416705326e-07i,-7.44308599003769e-10+8.90470194777632e-08i,6.76458788004043e-10+1.71907906475789e-07i,65.1729196694969+0i,283.763512377611+0i,122.360590218517+0i,117.025007634456+0i,24.4072746471453+0i,18.8518995654462+0i,10.5988224880308+0i,4.55950413110388+0i,3.11734001849617+0i,11.2642037840833+0i,Parkinson
3.0133765875975+0i,3.01207085347493+0i,2.02432748060561+0i,0.782149543300102+0i,0.212064823830644+0i,0.0838042643479902+0i,0.0514776612066561+0i,0.0401081886688356+0i,0.100018443166032+0i,0.0120569498711419+0i,0-1.92537267855335e-08i,0-2.20227906744314e-08i,0-3.43785135651714e-08i,0-5.85782936696831e-10i,0-1.47583325740477e-10i,0-5.56728617627883e-11i,0-7.7064438960868e-10i,0-1.24371842609533e-12i,0-5.83430592085034e-09i,0-3.4433523818102e-10i,68.2483559029936+1.09016443913945i,88.2780308519397-0.545114645491659i,80.6312700004628-0.00379425837958141i,32.9436466996565+0.969334023903178i,26.1515038336473+0.0537770590627009i,20.0848549161853+0.231896460337359i,16.6610637338197-0.531737086237914i,20.4696381385639+0.662476012959387i,30.3811856037221-1.04908313973052i,10.582463023387-0.122914509627485i,0+0.00103795863445642i,0-0.000307380899153496i,0+0.000175425713097051i,0+5.99706437882231e-06i,0+7.80459336979952e-06i,0+3.38333131513764e-05i,0-5.81694034713e-07i,0-1.90916800021374e-08i,0-1.26763297896858e-06i,0+5.64421658462112e-07i,0.000465406537984218+0.000752971732085565i,6.681849438698e-05+0.000431369172582652i,1.57517153727882e-05+0.000229706076598223i,1.53596107436e-06+5.21243329129315e-05i,2.02682114524973e-07+1.23877703094896e-05i,2.35462013990479e-08+3.1422130546642e-06i,3.42211065756585e-08+1.00431574418019e-06i,1.30547350491251e-08+6.32455544521279e-07i,4.7500634119106e-08+7.29679510135914e-07i,-6.6082220981767e-09+1.54575066515688e-07i,71.2300213279214+0i,160.97641171805+0i,99.1264520141821+0i,55.9820576694295+0i,37.8423237045083+0i,36.6449887930398+0i,18.6135740847063+0i,31.2310633150896+0i,36.6095719191641+0i,19.3356430027315+0i,Parkinson
8.69438425719745+0i,56.2950706451352+0i,33.5397105979479+0i,14.1776715546001+0i,1.28381892786647+0i,0.86415859227224+0i,0.453416898830434+0i,0.0726667383058477+0i,0.22199489630935+0i,0.0116719231027024+0i,0-5.53975010802541e-11i,0+6.17968524944665e-10i,0+3.26180229220438e-10i,0-1.14840665154259e-10i,0+2.56187385523967e-11i,0-3.30568086645049e-11i,0-6.10268310508525e-10i,0+3.67039881201913e-10i,0-1.06962976322608e-09i,0-6.74571374923579e-10i,134.661949417257-2.31229171359776i,395.892698760351-1.4230211246937i,353.69274160796+0.523318671354876i,256.831686891424+0.780454343734042i,65.9952811694613+0.69333963856462i,48.1350525142726+0.291486595162267i,35.9347796789902-0.159356056634285i,21.4885166231966+0.725105455443592i,38.9572471211141-0.806374656428673i,10.6929888832504-0.131755863544124i,0-0.000536029812704666i,0-0.000934940722245961i,0-2.82551088772979e-07i,0+4.31951362472646e-05i,0+4.7482178714418e-05i,0-2.1753526666212e-06i,0-1.23997346764784e-06i,0+1.27606154920584e-07i,0+1.1784197068235e-06i,0-6.19534861624184e-07i,0.00191851628835171+0.0019453324739873i,0.000865621033708557+0.00384369183742673i,0.000207115098216228+0.00184545510219835i,3.03247352856203e-05+0.000634223699220589i,6.09041599267979e-07+5.3463397549708e-05i,4.56711818383343e-08+1.88027352847713e-05i,4.68732230230515e-08+6.15248968988962e-06i,1.81473214620196e-08+1.4360128093631e-06i,-1.45782220394809e-07+1.00345025838997e-06i,-3.689302262758e-09+1.68064900917463e-07i,289.831775383701+0i,823.494240645499+0i,837.718575336971+0i,389.031990297971+0i,106.378626426588+0i,116.114397846924+0i,50.8125965858147+0i,41.4184090413738+0i,56.2695078661474+0i,15.2293822558426+0i,Parkinson
0.824248840090034+0i,4.70263886950117+0i,6.01065711600628+0i,0.900269656849779+0i,0.0776095480837553+0i,0.0492365882643251+0i,0.00386207756747157+0i,0.00116547240250316+0i,0.000361827460121417+0i,0.000332149121863845+0i,0-1.60905499455233e-12i,0+9.65343883454229e-12i,0+5.434365477765e-12i,0-7.82576705313109e-12i,0-3.43564567633577e-12i,0-2.18755886577777e-12i,0-4.33352652431098e-14i,0-7.22704729703505e-13i,0+2.31099519857016e-12i,0+4.24846603008379e-12i,10.8695815682787-0.225858710856427i,30.1112720125728-0.10607304868267i,38.680585096871+0.241090189778124i,12.2593761687487+0.0702719862591896i,5.27339096216606-0.00060446030641341i,4.57053858069134+0.00208084715220228i,1.67991122803248-0.0144937082545213i,0.760218535958451+0.180271723983724i,0.659961113795438-0.032619015222848i,1.31670938934578+0.0148379348548566i,0+0.00577795092764539i,0+0.000314421163084683i,0+0.000195877397274343i,0+0.000183481428385919i,0+8.5686169994078e-06i,0+5.93801157489815e-06i,0+6.58286542136452e-08i,0+5.72656286201991e-07i,0+6.87181820385053e-07i,0+6.45779233575307e-07i,0.000140028793737022+0.000253803074190286i,5.06661910695897e-05+0.000309656891002234i,1.30811483730422e-05+0.000222357010793029i,9.59508315329279e-07+3.53253724197946e-05i,5.44721762996863e-08+5.09972253776362e-06i,1.01866582418518e-08+1.9260588538545e-06i,-7.4250231604159e-10+2.86976719011253e-07i,-5.58371310208591e-09+9.47098708481941e-08i,-1.16010873997966e-09+5.12797886649432e-08i,-3.29397463651415e-10+2.74031025817563e-08i,43.0879041067239+0i,143.615018391839+0i,217.636700057329+0i,32.8538477290413+0i,11.3436738432298+0i,10.8735239330483+0i,6.4508690703519+0i,2.96829151267522+0i,1.67703884745545+0i,2.56389994120118+0i,Parkinson
0.230391319032489+0i,5.04307330810145+0i,24.0250262839387+0i,3.00551762143614+0i,0.2863855718145+0i,0.206614094443743+0i,0.079619922109448+0i,0.0490444159367598+0i,0.010337827845908+0i,0.00223989258012577+0i,0-3.29962687079763e-08i,0-4.49796616399732e-10i,0+3.29326239282717e-09i,0-4.91781193724982e-08i,0-1.65159120916698e-08i,0-4.44393778166801e-09i,0-1.68964191848284e-10i,0-4.26820710967699e-11i,0+1.28336599805715e-10i,0-1.52551743069934e-10i,23.4983349453711+0.0234854381986605i,128.16975211291-0.224047925336546i,320.690167273224-1.91859442342732i,106.747463578038-0.303302596208299i,40.5293411542522+0.20941907317346i,28.3320016070937-0.0354839780087185i,15.7330334988833-0.0204175933116222i,15.0928567932102+1.61809317655167i,6.88288395196667-0.394047097586443i,4.94189157791012-0.26605068750278i,0+0.00197619197610194i,0+0.000673709346411028i,0+0.000411775779920707i,0+1.27011806292489e-05i,0-1.085597485361e-05i,0+8.13401065997582e-08i,0-7.56427531537294e-07i,0+1.12313610551995e-07i,0+5.7565273668526e-07i,0-7.56148016354163e-07i,0.000431379090975237+0.000205317932317242i,0.000261712674115665+0.00110270841962431i,0.000101955410643891+0.0011802571073172i,1.01825081396795e-05+0.000213273019459006i,5.0053060102864e-07+2.85853532183381e-05i,1.21461636231832e-07+8.81437714297033e-06i,1.86566119959942e-08+2.16157585280362e-06i,2.07769603363873e-08+6.76785790257542e-07i,3.51927137680514e-09+2.71792603795548e-07i,9.57970689068074e-10+7.40523947587033e-08i,21.525627755965+0i,226.278340721331+0i,583.292639374089+0i,110.391122015622+0i,40.1065901188893+0i,34.2218498945411+0i,21.3290782885508+0i,25.0690886214701+0i,15.3981038085746+0i,6.35831442408525+0i,Parkinson
0.101358050629967+0i,10.5287106574954+0i,49.5289893297462+0i,4.46662443337552+0i,1.37705727075854+0i,0.469409282081358+0i,0.161373456936184+0i,0.110541631447208+0i,0.118091963775916+0i,0.560538468139405+0i,0-1.8391388897756e-10i,0+1.33696133027121e-10i,0-2.37622438181125e-08i,0-2.72087234557635e-07i,0+3.014573072632e-08i,0-1.73576593920091e-09i,0-3.90064051453938e-08i,0-2.53895766574393e-09i,0-1.34653819513337e-09i,0-8.26793341210507e-09i,12.8740908759155-0.0273667768752495i,94.3594641345102-0.508564794355046i,350.406761439482-1.81193684633799i,103.973066795141-1.06427742673066i,56.5059008107391-0.145717584504i,39.3644141043053+0.0659443462351397i,24.6738617133328-0.194479539214858i,21.0761668494619+0.205058865790024i,34.4527443010515-0.634143971881936i,75.8341722754225+1.83825690804609i,0+1.53434101821552e-06i,0-0.00016872742350221i,0-0.000351035800879503i,0-0.000104374346093437i,0+3.75730398450472e-05i,0+3.95824728118256e-07i,0-1.25312022121639e-06i,0+3.48756001111338e-06i,0+5.61195529322546e-05i,0+1.90663927252635e-06i,0.000318969165802328+3.69075621978571e-05i,0.000335562360771962+0.000906505231155109i,0.000150532541349167+0.00170128426315212i,1.15202451499009e-05+0.000239909384656807i,8.47942852373474e-07+5.0819233599195e-05i,8.40403307895787e-08+1.27507894462284e-05i,8.99661973277959e-09+4.23581812159693e-06i,-3.41318876636312e-08+1.79695060115077e-06i,-2.16293073262297e-08+7.47882572048369e-07i,-1.81096038352608e-09+1.76322586838109e-06i,41.7528936828629+0i,347.015386575576+0i,950.336350775163+0i,205.260409210856+0i,113.4924917757+0i,54.3864051582352+0i,31.3233958299172+0i,45.3381073592932+0i,39.6599022605794+0i,64.2675911213558+0i,Parkinson
9.84587260295242+0i,17.7508432347957+0i,18.3859739916277+0i,1.87589411475722+0i,0.445796339929159+0i,0.229195726569862+0i,0.0711129821317621+0i,0.267446386249502+0i,0.00428339274787896+0i,0+0i,0+1.42597525443888e-10i,0+7.46805259673073e-09i,0-2.43594995357198e-07i,0-1.1479155166641e-07i,0-2.17398160831644e-08i,0-6.57296921684825e-08i,0-5.31594031841916e-09i,0-3.68725530781142e-08i,0-4.2469428374784e-10i,0+0i,178.787121393202-1.45375319146399i,314.739471035571+1.91231230337664i,348.718175989344+1.39630402350505i,95.627150600711+0.368270852768557i,49.0404922249201+0.723355897198193i,41.8089337965086-0.0349698810130159i,24.2143319082725+0.0464667353706562i,52.8362974814439-3.48812718077906i,6.70753613381704+0.0284004791954367i,0+0i,0-0.00190798978961741i,0-0.000360724316471321i,0+4.22543958195127e-05i,0-8.01742352388512e-07i,0+6.59871065477551e-06i,0+2.52563443538287e-06i,0+5.50210486715713e-06i,0+3.01306973993526e-07i,0-9.94019152489585e-07i,0+0i,0.000912572892460335+0.00159225278250735i,0.00028812495087348+0.00149330291529655i,5.87691786781079e-05+0.000806957858673217i,3.07827554407806e-06+8.27425552846253e-05i,1.32817429002767e-07+1.92469834994892e-05i,1.86502388788987e-07+7.60045018909179e-06i,4.16355351689277e-08+2.26175580776738e-06i,1.44632142673848e-07+1.34423563490314e-06i,1.37534460983652e-08+1.50835980951496e-07i,0+0i,150.817989347755+0i,392.574457416833+0i,276.427345579031+0i,79.1631362519156+0i,34.6746088924505+0i,30.3816580465371+0i,17.8359365436972+0i,37.487682760538+0i,5.90318502313933+0i,0+0i,Parkinson
7.39053962811569+0i,29.0488370673542+0i,43.7894566570437+0i,6.25088720378416+0i,1.32615662771238+0i,0.660491537570936+0i,0.464057508484393+0i,0.141583976495633+0i,0.0613519909528978+0i,0+0i,0+4.50334444701526e-12i,0+1.86284196648675e-11i,0-5.17238171513288e-09i,0-7.42348608490173e-10i,0-1.2160447263681e-10i,0-1.26635249521593e-09i,0-1.09240878098155e-08i,0+1.61746713354449e-09i,0-1.47167966337241e-09i,0+0i,95.3604515949417-0.454415932689792i,314.902511950647+0.0143454581674955i,486.667678213601+1.3355962394587i,173.364513609265+0.328294134656112i,90.2535404886632+0.134758046019964i,66.9169888433955+0.295360344170935i,56.7345634225392+0.010409421109703i,32.0667552338046-0.822479126928006i,25.9479132428429-2.27187926474696i,0+0i,0+0.000198303563630811i,0+8.13669430039128e-05i,0-6.58340679387187e-05i,0+3.66074324250608e-05i,0+2.48001191483758e-05i,0-2.07793016726069e-06i,0-8.97558941863379e-07i,0-3.58185798416207e-07i,0+5.11376045415221e-08i,0+0i,0.00167397599634795+0.00175645498842753i,0.000513340403000482+0.0026144913763188i,0.00011952041327033+0.00166090892036922i,1.03338394102885e-05+0.000255246234407628i,9.18899276408847e-07+5.52422606838413e-05i,5.39385916236109e-08+1.56203218301224e-05i,3.03739681185488e-09+5.69488917877196e-06i,2.05495983211728e-08+1.62541841917903e-06i,-1.09304276393295e-08+3.48067070147239e-07i,0+0i,207.251625214234+0i,639.548973925861+0i,600.500125262539+0i,174.21408394707+0i,104.606956144221+0i,75.3334432493269+0i,78.7373772905655+0i,67.6769907525451+0i,43.2082532320408+0i,0+0i,Parkinson
0.512050958760243+0i,1.75218942090697+0i,1.60159581048066+0i,0.100497753835222+0i,0.0290822708095623+0i,0.0138639823294505+0i,0.00934098624315799+0i,0.00720171555817141+0i,0.00686799946421009+0i,0+0i,0+5.95002695341039e-11i,0+4.65068941889081e-13i,0-3.4031840214215e-11i,0+5.21494378348823e-14i,0-2.39587255934297e-10i,0-1.83201132088848e-11i,0-7.86489061015348e-11i,0-4.97441875975543e-11i,0+3.73023779381705e-11i,0+0i,24.4407513269804+0.189209663874835i,51.8392861418566+0.0802924243977021i,51.688970644026-0.172158053833972i,13.4610031457183+0.00673091838692331i,8.83116758105316+0.0408523781645976i,6.93828156843866+0.00752829877004089i,6.99712685917271-0.0861686842313066i,7.25282651863534+0.00596333241960099i,7.33521068656594-0.847465398920775i,0+0i,0-0.00248891432523708i,0+0.000877383123097694i,0-9.69023915547081e-05i,0-2.92436138987027e-06i,0-3.53854443756129e-05i,0+3.47486514379755e-05i,0+1.18904932412951e-06i,0-4.53022169429989e-08i,0+9.88593934246776e-07i,0+0i,0.000542235194640264+0.000373273451994773i,0.00016605687769981+0.000702615863321997i,3.00192511090159e-05+0.000328442178486425i,1.6200205452047e-06+3.10572688153478e-05i,1.59786453872546e-07+8.36576599973354e-06i,1.73299320945345e-08+3.13919052507186e-06i,-1.03707571880654e-08+1.04851685428002e-06i,-1.30146435585835e-09+4.81304374402309e-07i,-1.72283670724068e-10+1.44139811942392e-07i,0+0i,60.7680241037592+0i,110.85685788355+0i,93.7670022592063+0i,27.0261594765931+0i,12.6532255222369+0i,17.6105439214352+0i,7.26659161521557+0i,12.1717101057596+0i,10.6891257067502+0i,0+0i,Parkinson
0.0795406492204072+0i,0.954979002262714+0i,0.990328649717108+0i,0.417317932543835+0i,0.02687364336452+0i,0.0222477742466789+0i,0.0128840834927236+0i,0.00203781129882445+0i,0.000877566693067043+0i,0+0i,0+1.77278772532639e-13i,0+1.15012480783794e-12i,0+3.57849775549363e-11i,0+1.86285573740344e-10i,0+4.04453168209481e-12i,0+1.31667502158248e-10i,0+2.48612737403463e-11i,0-1.30246738429972e-12i,0-1.48994255678606e-11i,0+0i,10.6709190475993-0.0131070959497541i,34.8624645248508+0.0429157497840413i,36.3585166047418+0.244095742096489i,31.8476484949121-0.0919175976134281i,8.77839752811716+0.0231912834723488i,8.11938346578919-0.190066645289814i,8.23149561697161+0.674292814734871i,4.40820999911903+0.206476556574729i,2.42546751397146+0.114662356657208i,0+0i,0-0.0115472132883004i,0+0.000606052771213981i,0+0.000262425235781367i,0+0.00011336591777963i,0-2.26323928826405e-05i,0-4.83697563123315e-06i,0-5.22321880259744e-06i,0-2.68542344832572e-08i,0+8.62132782706972e-07i,0+0i,0.000274971969253214+3.86704332741021e-05i,0.000125931228757063+0.000442742078397479i,2.05109736207133e-05+0.000201016267833724i,4.01691308264287e-06+8.50055546283549e-05i,1.79730789869331e-07+8.00277957589624e-06i,6.49545792505891e-08+3.0484091661662e-06i,2.15253258818714e-08+9.24493920489467e-07i,1.5886695798563e-09+1.22061157252923e-07i,-3.40221441517429e-09+7.28473245487378e-08i,0+0i,25.941296413618+0i,84.1004087965884+0i,66.4139597934821+0i,44.9603084493468+0i,12.6978383779752+0i,12.9630153355859+0i,11.3996178746429+0i,6.5819227697691+0i,3.50158977624681+0i,0+0i,Parkinson
0.187245775720644+0i,3.57436894182795+0i,3.72900552517613+0i,1.17750842886664+0i,0.0864319577846976+0i,0.0455704742240982+0i,0.0254200777949948+0i,0.0254409827831405+0i,0.00381654218042958+0i,0.000584105629009222+0i,0-9.063379397071e-13i,0-5.70601967637121e-09i,0-4.48803090362739e-09i,0-1.80872777401457e-09i,0-2.46460645639603e-10i,0-4.5337455114575e-10i,0-5.63203128022542e-11i,0-1.04099539894431e-10i,0-2.04732952361991e-10i,0+1.3177503876692e-11i,24.6208304150975-0.264913846157595i,139.300198231651-1.30973213212286i,158.317656697286+0.00672957837952843i,73.7784683898639+0.10576515463401i,19.0955175478733+0.0784042399521433i,17.6827050903199+0.0431749166350979i,12.8208184100908+0.0726291895900284i,16.8198598816711+0.152296343963569i,6.05210338663956+0.0388774116949554i,1.9039177150055-0.0172921803083915i,0-0.00118613467912921i,0+0.000392975844256247i,0-7.32414077109245e-06i,0+6.818631736364e-05i,0-9.63730688960006e-05i,0-9.74250008421831e-07i,0-1.240246322247e-06i,0-6.21916098590928e-08i,0-1.23907999242012e-06i,0+5.89639589442861e-07i,0.000642762770831046+0.000123227300608331i,0.000279374810024336+0.000966056126455411i,5.26742716579082e-05+0.000500130621385202i,1.01796064292511e-05+0.000161803627277301i,2.02639293676915e-07+1.2990746000464e-05i,2.16422509743071e-08+3.67504562517635e-06i,-5.74446217899056e-09+1.02438682714221e-06i,2.30313418009108e-08+3.32983224160372e-07i,2.93114028156167e-09+1.5926326182077e-07i,7.13683352618399e-10+3.83405614964126e-08i,19.959755541377+0i,109.632277025393+0i,129.89284232163+0i,64.4485427924706+0i,17.9223674172736+0i,16.906401834216+0i,11.3861888812511+0i,18.8810417728038+0i,6.61962829312689+0i,3.44465487076516+0i,Parkinson
0.0357308667837113+0i,0.592457630295477+0i,0.651434095069738+0i,0.571917018906188+0i,0.0310492517773826+0i,0.0151186695546858+0i,0.00236139164236123+0i,0.00171467714105824+0i,0.00285616468706841+0i,0+0i,0-3.77275499346166e-15i,0+7.11679549179647e-12i,0-3.98332719774614e-12i,0+4.83440261489828e-13i,0+3.0875418752671e-12i,0+8.0199603298127e-13i,0+2.02460557325595e-13i,0-7.36673455415023e-13i,0-7.13163203619467e-11i,0+0i,6.77593443516612-0.00876397150572147i,17.3195433341449-0.0252729989746021i,28.962481357911+0.109243618173064i,37.2675287818766+0.217729402848299i,8.91365869359898-0.000165304604020833i,5.53128875402243+0.00159509405074106i,2.66014070161142-0.0143453859026744i,2.80526761785897+0.0440587942225631i,4.91939585022571-0.349826898395907i,0+0i,0-0.000134780245960916i,0+0.00149014864780526i,0+0.000137916290364048i,0-0.000124871040188971i,0-1.30468235873661e-05i,0-1.55985953995948e-06i,0-4.89675213262113e-06i,0+8.09646798277645e-08i,0-5.94948840824731e-07i,0+0i,0.000228772238772161+1.71860364105248e-05i,0.000101000072343378+0.00025933666668991i,2.02554448226187e-05+0.000167991184081497i,4.20674084471372e-06+9.54243889556523e-05i,1.79143796868441e-07+9.13764072939061e-06i,2.89977855642303e-08+2.70767298661196e-06i,3.15817771062685e-09+5.38214917009441e-07i,-1.34114208514592e-10+2.32176085366657e-07i,-4.41703814234517e-09+8.06480071097406e-08i,0+0i,12.5406893517331+0i,38.9452781128405+0i,73.8785646035096+0i,88.1083632683293+0i,12.3270124914104+0i,13.3485966774175+0i,3.94490809553796+0i,4.91173699205272+0i,7.84538523069942+0i,0+0i,Parkinson
13.0924914487091+0i,28.5309158840622+0i,25.187660048971+0i,1.69424806761337+0i,0.396697610720436+0i,0.304797806884634+0i,0.127442453770628+0i,0.027704360862+0i,0.0157926493158358+0i,0.00363065142881718+0i,0-7.62552889009903e-12i,0-7.44181875210277e-10i,0-8.59639424255152e-10i,0-6.47655320251073e-12i,0+1.13198481083509e-12i,0-3.34242324127368e-10i,0+3.85548362400574e-11i,0+5.42472530750056e-11i,0-2.10692328959629e-10i,0-1.35742704381568e-10i,72.7216245350029-0.259724595745553i,152.789214601881-0.476623306948776i,224.049999747343-1.03057612605314i,62.818192156575+0.0164911241566007i,29.6521639837807+0.261650821188137i,23.7645889377623+1.65542364317432i,19.1970670994351+0.0664355243419697i,12.085423130763-0.11662487549532i,8.84651358093432+1.21194512784341i,6.05789893491161-0.290855493467203i,0+0.00135830810385071i,0-0.000725443657909136i,0+3.50137962218281e-05i,0-1.45737067138867e-05i,0-1.07144018989281e-05i,0+1.03639733905237e-06i,0+9.00836675650304e-07i,0-4.44569071005883e-07i,0+9.63916912964271e-07i,0-4.44325440019201e-07i,0.000540989516202487+0.00133626627251204i,0.000181237000197725+0.00124396581366871i,4.90218624071786e-05+0.000854728244836981i,2.15719403553233e-06+9.32695220880859e-05i,2.59642082042861e-07+2.08026623551056e-05i,-2.22435154056304e-08+4.5532891910295e-06i,-1.12143767949483e-08+1.58427796105562e-06i,1.03424439841844e-08+6.04499331050585e-07i,-2.70386484249791e-08+3.49719349647673e-07i,-1.82369493042161e-09+8.83520886437966e-08i,290.156003089264+0i,446.829844843078+0i,381.849941804632+0i,93.7129027651742+0i,69.0430171869166+0i,49.0310110978628+0i,32.1495873251128+0i,18.8358388656347+0i,14.6860103040973+0i,9.59309762533349+0i,Parkinson
0.930405082184009+0i,29.6469587240138+0i,23.9811153211032+0i,4.14998598688164+0i,0.607420071302935+0i,0.285570182935572+0i,0.155212903776838+0i,0.0298466106752638+0i,0.122783312576656+0i,0+0i,0-1.09831257755675e-11i,0+9.45520349342749e-11i,0+1.86336564272478e-10i,0-6.51580551951868e-11i,0-6.769724251503e-10i,0+2.35209146394081e-09i,0+2.07018447577283e-09i,0-7.12119039887169e-12i,0+1.65824082912567e-09i,0+0i,13.8262572957712-0.116634817885018i,157.56677424293-1.46846105770571i,261.60305851554-1.0378452266182i,125.238402722972+0.298074476705416i,52.1310321831598-0.0130244342057763i,34.1303696214248+0.144699433581403i,17.6899465558278+0.334026546801119i,17.0760595278073+0.503824756720709i,17.2468087712316+1.17169026449028i,0+0i,0-0.000162098461706325i,0+0.000112350302795403i,0-5.80266454251e-06i,0-6.65001965231367e-05i,0+1.87859857323539e-07i,0-1.28885848169879e-08i,0+8.25427219852099e-07i,0+3.76217717571945e-06i,0+7.81755486534459e-07i,0+0i,0.00034055977480991+7.88823347828792e-05i,0.000161705993754955+0.00114410500520709i,6.44186011739337e-05+0.000892056230172818i,3.48258753031071e-06+0.000129658785848789i,3.07597999597932e-07+2.83751162064647e-05i,-5.74680278262917e-08+6.78212593509188e-06i,-2.02169418834034e-08+2.30207682437753e-06i,5.46173346431601e-08+5.37750507204862e-07i,-8.73826980245973e-08+5.07932046476995e-07i,0+0i,45.7120692490373+0i,331.640328640969+0i,343.230232410928+0i,191.657233359873+0i,82.933331561771+0i,52.7644205311731+0i,42.1362759930756+0i,24.2518287919759+0i,41.4322314455755+0i,0+0i,Parkinson
12.0800863219114+0i,22.2792498284097+0i,28.2218430276341+0i,8.90930178801985+0i,0.818754793124859+0i,0.17126158353553+0i,0.18821639068911+0i,0.00215437753251965+0i,0.00472528666201915+0i,0.0218173414667282+0i,0-4.71354144147347e-09i,0-8.28054604311022e-07i,0+2.23051998395183e-09i,0-3.17341840887223e-07i,0-1.26022499888195e-07i,0-9.78830194871323e-09i,0-1.34308055685999e-08i,0-2.83454009840459e-10i,0-2.03070094959558e-10i,0-1.36478046823028e-09i,159.425661111732-0.936586879638981i,282.716811251069-1.28082266146073i,289.477811736271-0.510534821139362i,170.791496093554+0.62278816161475i,63.2154142177834+0.237514387447046i,29.8206205889092-0.165322583058058i,36.3831211641663+0.292456039175922i,4.52186359608502-0.155391620063789i,7.52941036874075-0.0941946142426509i,15.119767251655-0.810485197694717i,0+0.00264458296868811i,0-0.000333235808311391i,0-0.000278200543576615i,0+0.000135847020197257i,0-0.000114070267244971i,0-1.02217537574743e-06i,0-5.57993830057522e-08i,0-1.0695636219375e-06i,0-6.92739375164238e-07i,0-7.23378420752271e-07i,0.000827381598497226+0.00139521112131407i,0.000266959594139252+0.00134248049378568i,2.92409619008508e-05+0.000440275132736023i,3.25610550541959e-06+9.54427590844856e-05i,5.57034659842039e-07+1.48602096833548e-05i,9.93696156451617e-08+3.71040253701488e-06i,9.21825548897622e-08+2.24695175261648e-06i,1.69392287267006e-08+1.52340487541389e-07i,1.65751081347233e-08+1.37841499051418e-07i,-4.6995059453062e-09+2.38999433661856e-07i,114.33547589738+0i,210.785842507425+0i,481.752792469405+0i,112.970069968657+0i,44.1564007246093+0i,23.7576137227984+0i,26.2910755221569+0i,3.81443069964272+0i,8.34229089906406+0i,19.6797446673352+0i,Parkinson
1.66117159205908+0i,5.02442101118288+0i,5.27939061513472+0i,1.73674658594939+0i,0.0991867097412682+0i,0.0299792328076241+0i,0.0355812943178789+0i,0.0384023516738688+0i,0.0084788919776066+0i,0.00288149008930143+0i,0-5.53774190880829e-12i,0-9.54958240800907e-11i,0-4.95152790729047e-08i,0-2.30577249203675e-12i,0-6.8080618266693e-11i,0-6.33070605658524e-11i,0-2.35357354061968e-09i,0-1.76854752568476e-09i,0-9.12785048296213e-10i,0-2.18929540572125e-11i,51.0829300263584-0.365866928831913i,111.263971967206-0.104545910458987i,157.612391191387-0.246389197503799i,74.4428859189679-0.23681981129696i,24.5097048550024+0.0397139145863573i,15.7730057011974+0.131726755029023i,13.778507327266-0.548458973753154i,19.5002219476151-0.31920378843057i,9.72084171132054-0.371422538097818i,5.10281606475127+0.306452692940056i,0+0.00130187301754476i,0-0.000149071297283171i,0-0.000193839962039913i,0+3.62569426970511e-05i,0-5.81832061113204e-05i,0+1.0198581709336e-06i,0-1.43230985439875e-06i,0-9.42980275020847e-07i,0-8.57778385081865e-07i,0+4.48119338443796e-07i,0.000443452177074729+0.000501368212024551i,0.000135801812461317+0.000630427888544723i,3.09656366914453e-05+0.000335468716829965i,4.46056534060181e-06+0.000105401053630322i,1.55245555794634e-07+1.0992192877762e-05i,5.94950342026618e-09+2.43735114864039e-06i,4.97167338339239e-08+1.09383211115669e-06i,4.36198943643416e-08+7.4398267075865e-07i,2.70338195347517e-08+2.40723588640499e-07i,1.05197679387124e-09+1.21442613811844e-07i,48.6632792492796+0i,97.1954098911071+0i,123.423514272445+0i,69.9303439116065+0i,22.2496365864452+0i,14.4811314230767+0i,12.2405512244211+0i,17.4632100311543+0i,9.1130802684223+0i,5.02048850678409+0i,Parkinson
1.74424676652588+0i,2.03329677923266+0i,0.80750128474593+0i,0.0568392156089575+0i,0.0187534054381184+0i,0.0080056526283299+0i,0.0130692326190808+0i,0.000685430842527073+0i,0.00931967358218606+0i,0+0i,0-7.73723298940242e-12i,0-1.89749152140949e-13i,0-4.59684939193366e-12i,0-3.88324508103358e-12i,0-7.80643074659461e-12i,0+7.41367409072027e-12i,0-9.44381018832553e-10i,0+8.23646065986486e-12i,0-3.30456987245472e-10i,0+0i,55.3572783360635-0.0396898313788238i,70.6863634481448+0.0534653328523194i,56.3800361017434+0.508291208675816i,14.265518311824-0.0515634718468827i,8.69969278651083+0.0172292716022409i,6.64923023817354+0.0481963064605453i,10.9519897068526-0.374575278235354i,2.38134566201952-0.0275857324508843i,9.09699008372036+0.760910674349355i,0+0i,0+0.00447869589315757i,0+4.98078849478167e-05i,0-0.000138564505371955i,0+0.000135280972315625i,0-1.79160627225534e-05i,0-2.10811537350189e-06i,0-1.60650886657512e-06i,0-1.26910240274505e-07i,0-4.53117556856012e-07i,0+0i,0.000219267934853341+0.000473999240997366i,7.00843832709258e-05+0.000366108783190541i,1.08605521339177e-05+0.000154693082730827i,7.24605934051162e-07+2.07091166474526e-05i,5.01152593031042e-08+4.83393129981819e-06i,1.89202192486686e-08+1.60306918934648e-06i,2.90904821541071e-08+8.43563140607087e-07i,1.53400628280567e-09+1.00233064510075e-07i,3.07833676707803e-09+1.36248550122694e-07i,0+0i,62.0680278538957+0i,60.9105399869525+0i,58.6707792056372+0i,16.4612599200378+0i,8.67595007077942+0i,10.8716288035532+0i,10.3636535840531+0i,4.05053099708571+0i,13.5386546239418+0i,0+0i,Parkinson
5.80802551581517+0i,55.8009855826215+0i,34.900121956667+0i,2.70497567533803+0i,0.835675049626116+0i,0.132614734890492+0i,0.385653784669465+0i,0.19695173011031+0i,0.0677874498671246+0i,0.0028311853291234+0i,0-7.88658108111878e-12i,0-3.3414505511038e-11i,0-2.9104906985789e-11i,0-2.9636922849656e-11i,0-6.58841027009964e-12i,0+2.21100508188233e-14i,0+3.44414323790076e-11i,0+1.52512421392829e-10i,0-9.74341235435768e-11i,0-2.75234822421804e-11i,44.6648186563881-0.441135446395949i,219.09332251905+0.37039395452557i,239.308891315389-0.146705562509184i,78.4293505296382+0.09839764511868i,37.5071172203653+0.0825040376597737i,21.4343186718122-0.0349499965363108i,20.1090539354353-0.220624141314721i,19.8144413313994-2.20838250905634i,13.303658004752-0.0452952924707267i,5.09094266012765-0.468132062508549i,0+0.00597085157720634i,0-9.61400477332549e-05i,0+0.000178462729756326i,0-4.01778647152552e-05i,0-2.27841008457275e-06i,0-1.38288261117918e-07i,0-4.85804211088659e-06i,0+8.60549998223501e-07i,0+1.08350845382466e-06i,0+7.95544162053402e-07i,0.00100861232299614+0.000874087162004121i,0.000729406514072652+0.00342824598516969i,0.000129451074099841+0.00146950660691415i,1.09034316474742e-05+0.000217335561128614i,8.61177766559673e-07+4.28154500907864e-05i,8.46217186197383e-08+9.83268724274932e-06i,3.34760501386648e-08+4.26428687063311e-06i,-4.19745247843567e-08+2.33591661058269e-06i,-6.94408484784422e-08+7.45574562522506e-07i,-1.56631606565775e-09+7.6419712705175e-08i,91.1443173139885+0i,715.860159656231+0i,673.882256266547+0i,127.092219004686+0i,110.0752191531+0i,76.2447095945362+0i,47.8245627347257+0i,47.1074935089658+0i,27.6170250634978+0i,10.06687751533+0i,Parkinson